host;ip;port;lastseen;delay;cid;country_code;country_name;city;checks_up;checks_down;anon;http;ssl;socks4;socks5
185.162.228.251;185.162.228.251;80;148;20;174982;AM;Armenia;;13587;255;1;1;0;0;0
194.152.44.75;194.152.44.75;80;148;40;2750405;NL;Netherlands;;328;93;1;1;0;0;0
159.112.235.154;159.112.235.154;80;148;20;6252001;US;United States;;9091;121;1;1;0;0;0
internship.ruangguru.com;8.47.69.6;80;148;20;2761369;AT;Austria;Vienna;624;91;1;1;0;0;0
45.67.215.217;45.67.215.217;80;148;20;2017370;RU;Russian Federation;;107;95;1;1;0;0;0
212.183.88.143;212.183.88.143;80;148;20;2761369;AT;Austria;Vienna;136;92;1;1;0;0;0
172.67.180.49;172.67.180.49;80;148;80;6252001;US;United States;;14906;209;1;1;0;0;0
45.131.4.54;45.131.4.54;80;148;20;2750405;NL;Netherlands;;10772;199;1;1;0;0;0
45.131.209.140;45.131.209.140;80;206;1580;2750405;NL;Netherlands;;216;82;1;1;0;0;0
172.66.43.59;172.66.43.59;80;206;100;0;;;;2646;95;1;1;0;0;0
159.246.55.69;159.246.55.69;80;206;20;6252001;US;United States;;177;93;1;1;0;0;0
164.38.155.72;164.38.155.72;80;206;20;2635167;GB;United Kingdom;;7939;104;1;1;0;0;0
194.152.44.28;194.152.44.28;80;206;1580;2750405;NL;Netherlands;;148;93;1;1;0;0;0
172.67.182.26;172.67.182.26;80;206;80;6252001;US;United States;;12207;178;1;1;0;0;0
172.67.164.79;172.67.164.79;80;206;80;6252001;US;United States;;8880;141;1;1;0;0;0
45.131.6.233;45.131.6.233;80;206;20;2750405;NL;Netherlands;;6805;109;1;1;0;0;0
199.34.228.24;199.34.228.24;80;207;20;6252001;US;United States;;145;84;1;1;0;0;0
172.67.161.43;172.67.161.43;80;208;100;6252001;US;United States;;10570;163;1;1;0;0;0
45.131.7.106;45.131.7.106;80;208;20;2750405;NL;Netherlands;;6749;105;1;1;0;0;0
172.67.180.27;172.67.180.27;80;208;80;6252001;US;United States;;14879;225;1;1;0;0;0
172.67.192.51;172.67.192.51;80;208;80;6252001;US;United States;;11357;164;1;1;0;0;0
185.162.228.16;185.162.228.16;80;208;20;174982;AM;Armenia;;13643;237;1;1;0;0;0
45.131.4.248;45.131.4.248;80;208;20;2750405;NL;Netherlands;;7385;124;1;1;0;0;0
104.254.140.0;104.254.140.0;80;208;20;6252001;US;United States;;11683;154;1;1;0;0;0
172.67.181.101;172.67.181.101;80;208;80;6252001;US;United States;;21445;216;1;1;0;0;0
185.162.231.212;185.162.231.212;80;208;20;174982;AM;Armenia;;13417;299;1;1;0;0;0
5.10.244.34;5.10.244.34;80;208;20;2750405;NL;Netherlands;;197;82;1;1;0;0;0
156.225.72.136;156.225.72.136;80;208;20;6252001;US;United States;;147;90;1;1;0;0;0
45.12.30.183;45.12.30.183;80;208;20;798549;RO;Romania;;13544;259;1;1;0;0;0
172.67.119.233;172.67.119.233;80;208;80;6252001;US;United States;;9602;127;1;1;0;0;0
45.131.4.226;45.131.4.226;80;208;20;2750405;NL;Netherlands;;8576;139;1;1;0;0;0
45.131.4.200;45.131.4.200;80;208;20;2750405;NL;Netherlands;;11455;178;1;1;0;0;0
connectedcars.ubigi.com;141.193.213.10;80;208;20;6252001;US;United States;;1711;100;1;1;0;0;0
172.67.188.22;172.67.188.22;80;326;100;6252001;US;United States;;11302;182;1;1;0;0;0
31.43.179.60;31.43.179.60;80;327;20;1522867;KZ;Kazakstan;;11185;185;1;1;0;0;0
172.67.165.60;172.67.165.60;80;327;80;6252001;US;United States;;4862;104;1;1;0;0;0
dev.mobile-devices.ubigi.com;141.193.213.11;80;327;20;6252001;US;United States;;1724;93;1;1;0;0;0
172.67.195.71;172.67.195.71;80;327;100;6252001;US;United States;;9403;148;1;1;0;0;0
194.152.44.201;194.152.44.201;80;445;20;2750405;NL;Netherlands;;305;97;1;1;0;0;0
172.67.165.41;172.67.165.41;80;446;60;6252001;US;United States;;10548;164;1;1;0;0;0
kibana-staging.cakap.com;188.114.97.1;80;446;100;0;;;;3218;111;1;1;0;0;0
172.67.167.16;172.67.167.16;80;446;80;6252001;US;United States;;7621;147;1;1;0;0;0
185.170.166.9;185.170.166.9;80;447;20;2635167;GB;United Kingdom;;8279;114;1;1;0;0;0
45.12.31.186;45.12.31.186;80;447;20;798549;RO;Romania;;13616;250;1;1;0;0;0
209.46.30.231;209.46.30.231;80;447;20;6252001;US;United States;;125;89;1;1;0;0;0
173.245.49.76;173.245.49.76;80;447;20;2988507;FR;France;Paris;13662;243;1;1;0;0;0
45.131.4.177;45.131.4.177;80;447;20;2750405;NL;Netherlands;;9698;183;1;1;0;0;0
45.12.30.11;45.12.30.11;80;447;20;798549;RO;Romania;;13647;231;1;1;0;0;0
45.131.4.188;45.131.4.188;80;447;20;2750405;NL;Netherlands;;11444;177;1;1;0;0;0
98.188.47.150;98.188.47.150;4145;451;880;6252001;US;United States;;50109;28819;4;0;0;1;0
72.195.114.169;72.195.114.169;4145;452;880;6252001;US;United States;;54400;29688;4;0;0;1;0
41.59.90.168;41.59.90.168;80;454;4700;160263;TZ;Tanzania;Dar es Salaam;382;347;2;1;0;0;0
23.247.136.254;23.247.136.254;80;457;900;1880252;SG;Singapore;Singapore;3811;991;4;1;0;0;0
72.211.46.99;72.211.46.99;4145;484;900;5359777;US;United States;Irvine;1531;522;4;0;0;1;0
72.214.108.67;72.214.108.67;4145;533;920;6252001;US;United States;;14616;3851;4;0;0;1;0
70.166.167.38;70.166.167.38;57728;533;920;6252001;US;United States;;53132;18361;4;0;0;1;0
98.152.200.61;98.152.200.61;8081;534;5100;5368361;US;United States;Los Angeles;8074;785;4;0;0;0;1
5.182.34.184;5.182.34.184;80;565;20;3173435;IT;Italy;Milan;4342;97;1;1;0;0;0
45.85.118.160;45.85.118.160;80;566;20;798549;RO;Romania;;134;90;1;1;0;0;0
dan.ns.cloudflare.com;173.245.59.108;80;566;20;0;;;;3183;101;1;1;0;0;0
159.112.235.140;159.112.235.140;80;566;20;6252001;US;United States;;8096;113;1;1;0;0;0
172.67.182.79;172.67.182.79;80;566;100;6252001;US;United States;;21245;225;1;1;0;0;0
45.131.210.36;45.131.210.36;80;566;20;2750405;NL;Netherlands;;161;91;1;1;0;0;0
curt.ns.cloudflare.com;108.162.193.94;80;566;20;0;;;;3377;97;1;1;0;0;0
172.67.168.132;172.67.168.132;80;566;100;6252001;US;United States;;19672;195;1;1;0;0;0
103.160.204.240;103.160.204.240;80;566;80;0;;;;240;66;1;1;0;0;0
154.194.12.168;154.194.12.168;80;567;20;1880252;SG;Singapore;Singapore;180;97;1;1;0;0;0
156.225.72.141;156.225.72.141;80;567;20;6252001;US;United States;;307;98;1;1;0;0;0
91.193.59.177;91.193.59.177;80;567;20;2635167;GB;United Kingdom;;181;83;1;1;0;0;0
45.131.6.245;45.131.6.245;80;567;20;2750405;NL;Netherlands;;9603;143;1;1;0;0;0
91.193.58.41;91.193.58.41;80;567;20;2635167;GB;United Kingdom;;192;95;1;1;0;0;0
212.183.88.23;212.183.88.23;80;567;20;2761369;AT;Austria;Vienna;144;91;1;1;0;0;0
216.24.57.157;216.24.57.157;80;567;20;6252001;US;United States;;158;88;1;1;0;0;0
23.227.38.169;23.227.38.169;80;567;80;6251999;CA;Canada;;13602;225;1;1;0;0;0
185.148.106.219;185.148.106.219;80;568;20;2017370;RU;Russian Federation;;339;95;1;1;0;0;0
betflix9.club;45.194.53.52;80;568;20;241170;SC;Seychelles;;3873;101;1;1;0;0;0
141.101.123.239;141.101.123.239;80;568;100;6255149;;;;9775;108;1;1;0;0;0
172.67.181.30;172.67.181.30;80;568;100;6252001;US;United States;;21597;215;1;1;0;0;0
172.67.182.10;172.67.182.10;80;568;80;6252001;US;United States;;21657;250;1;1;0;0;0
asuransi.ruangguru.com;8.6.112.6;80;568;20;3060972;SK;Slovakia;Bratislava;594;98;1;1;0;0;0
45.131.5.189;45.131.5.189;80;568;20;2750405;NL;Netherlands;;6747;118;1;1;0;0;0
23.227.39.238;23.227.39.238;80;568;100;6094817;CA;Canada;Ottawa;6764;103;1;1;0;0;0
45.67.215.186;45.67.215.186;80;686;1260;2017370;RU;Russian Federation;;150;94;1;1;0;0;0
172.67.177.58;172.67.177.58;80;687;80;6252001;US;United States;;13786;209;1;1;0;0;0
172.67.69.9;172.67.69.9;80;687;100;6252001;US;United States;;18542;184;1;1;0;0;0
89.116.250.93;89.116.250.93;80;687;80;597427;LT;Lithuania;;201;90;1;1;0;0;0
23.227.38.6;23.227.38.6;80;687;100;6251999;CA;Canada;;13704;213;1;1;0;0;0
141.101.120.97;141.101.120.97;80;687;80;6255149;;;;9749;112;1;1;0;0;0
206.238.236.247;206.238.236.247;80;688;20;1880252;SG;Singapore;Singapore;175;87;1;1;0;0;0
185.238.228.227;185.238.228.227;80;688;20;2510769;ES;Spain;;9024;129;1;1;0;0;0
185.238.228.20;185.238.228.20;80;688;20;2510769;ES;Spain;;11845;188;1;1;0;0;0
185.162.228.239;185.162.228.239;80;688;20;174982;AM;Armenia;;13581;233;1;1;0;0;0
159.246.55.42;159.246.55.42;80;688;20;6252001;US;United States;;129;92;1;1;0;0;0
45.131.208.161;45.131.208.161;80;688;20;2750405;NL;Netherlands;;1493;87;1;1;0;0;0
121.169.46.116;121.169.46.116;1090;741;1760;1839652;KR;Korea;Osan;511;399;4;0;0;0;1
57.129.81.201;57.129.81.201;1080;743;800;2925533;DE;Germany;Frankfurt am Main;1500;49;4;0;0;1;0
89.116.250.0;89.116.250.0;80;807;80;597427;LT;Lithuania;;8195;115;1;1;0;0;0
188.114.96.251;188.114.96.251;80;807;100;2759794;NL;Netherlands;Amsterdam;10702;173;1;1;0;0;0
cpcontacts.bakesomeawesome.com;188.114.97.1;80;807;80;2759794;NL;Netherlands;Amsterdam;4438;119;1;1;0;0;0
172.67.204.152;172.67.204.152;80;807;60;0;;;;175;87;1;1;0;0;0
23.227.39.115;23.227.39.115;80;807;80;6094817;CA;Canada;Ottawa;9453;128;1;1;0;0;0
in.shopify.com;185.146.173.20;80;807;20;2661886;SE;Sweden;;3582;95;1;1;0;0;0
lpkcerdas.cakap.com;188.114.97.1;80;807;80;0;;;;3196;110;1;1;0;0;0
66.235.200.100;66.235.200.100;80;808;20;6252001;US;United States;;8685;111;1;1;0;0;0
63.141.128.95;63.141.128.95;80;808;20;6252001;US;United States;;9212;134;1;1;0;0;0
63.141.128.183;63.141.128.183;80;808;20;6252001;US;United States;;8032;115;1;1;0;0;0
141.193.213.137;141.193.213.137;80;808;20;6252001;US;United States;;6763;107;1;1;0;0;0
45.131.209.245;45.131.209.245;80;808;20;2750405;NL;Netherlands;;184;85;1;1;0;0;0
5.10.245.142;5.10.245.142;80;808;20;2750405;NL;Netherlands;;218;85;1;1;0;0;0
170.114.46.146;170.114.46.146;80;808;20;6252001;US;United States;;220;82;1;1;0;0;0
194.152.44.1;194.152.44.1;80;808;20;2750405;NL;Netherlands;;1436;91;1;1;0;0;0
159.89.174.192;159.89.174.192;35059;844;5100;1277333;IN;India;Bengaluru;33;513;4;0;0;1;0
176.235.182.84;176.235.182.84;1080;854;500;314830;TR;Turkey;Gaziantep;5;144;4;0;0;1;0
67.201.58.190;67.201.58.190;4145;857;1000;6252001;US;United States;;3665;1209;4;0;0;1;0
68.71.249.153;68.71.249.153;48606;857;980;5950267;;;;32991;12473;4;0;0;1;0
68.71.242.118;68.71.242.118;4145;857;980;6252001;US;United States;;4106;1364;4;0;0;1;0
98.170.57.241;98.170.57.241;4145;858;880;6252001;US;United States;;8374;4835;4;0;0;1;0
172.67.70.221;172.67.70.221;80;926;100;6252001;US;United States;;8650;126;1;1;0;0;0
23.227.39.204;23.227.39.204;80;926;100;6094817;CA;Canada;Ottawa;6763;116;1;1;0;0;0
23.227.39.39;23.227.39.39;80;926;80;6094817;CA;Canada;Ottawa;7845;109;1;1;0;0;0
172.67.176.8;172.67.176.8;80;926;80;6252001;US;United States;;14614;187;1;1;0;0;0
185.162.230.78;185.162.230.78;80;927;20;174982;AM;Armenia;;13421;268;1;1;0;0;0
184.168.47.190;184.168.47.190;80;927;20;6252001;US;United States;;455;89;1;1;0;0;0
46.254.93.14;46.254.93.14;80;927;20;2017370;RU;Russian Federation;;163;95;1;1;0;0;0
62.72.166.83;62.72.166.83;80;927;20;248816;JO;Jordan;;133;80;1;1;0;0;0
45.131.7.155;45.131.7.155;80;927;20;2750405;NL;Netherlands;;7463;106;1;1;0;0;0
206.238.239.50;206.238.239.50;80;927;20;1880252;SG;Singapore;Singapore;304;87;1;1;0;0;0
45.131.4.56;45.131.4.56;80;927;20;2750405;NL;Netherlands;;8360;129;1;1;0;0;0
45.85.119.133;45.85.119.133;80;927;20;798549;RO;Romania;;8272;126;1;1;0;0;0
62.72.166.140;62.72.166.140;80;927;20;248816;JO;Jordan;;162;93;1;1;0;0;0
87.107.48.53;87.107.48.53;1080;973;800;130758;IR;Iran;;74;241;4;0;0;0;1
34.124.190.108;34.124.190.108;8080;976;1100;1880252;SG;Singapore;Singapore;3396;2251;4;0;0;1;1
67.201.59.70;67.201.59.70;4145;976;1060;5351515;US;United States;Garden Grove;19351;9747;4;0;0;1;0
72.37.216.68;72.37.216.68;4145;976;1060;6252001;US;United States;;28139;11316;4;0;0;1;0
72.195.101.99;72.195.101.99;4145;977;960;6252001;US;United States;;19150;4662;4;0;0;1;0
47.236.37.202;47.236.37.202;1111;981;1560;1880251;SG;Singapore;;6;52;4;0;0;0;1
172.67.70.109;172.67.70.109;80;1046;80;6252001;US;United States;;15900;188;1;1;0;0;0
159.246.55.237;159.246.55.237;80;1046;20;6252001;US;United States;;99;95;1;1;0;0;0
5.182.34.106;5.182.34.106;80;1046;20;3173435;IT;Italy;Milan;4354;97;1;1;0;0;0
141.101.122.97;141.101.122.97;80;1046;80;6255149;;;;9785;119;1;1;0;0;0
194.36.55.111;194.36.55.111;80;1047;20;2635167;GB;United Kingdom;;187;91;1;1;0;0;0
185.18.250.160;185.18.250.160;80;1047;20;2658434;CH;Switzerland;;199;95;1;1;0;0;0
190.93.244.126;190.93.244.126;80;1047;20;5392171;US;United States;San Jose;14843;199;1;1;0;0;0
194.36.55.26;194.36.55.26;80;1047;20;2635167;GB;United Kingdom;;170;76;1;1;0;0;0
45.131.7.2;45.131.7.2;80;1047;20;2750405;NL;Netherlands;;6722;118;1;1;0;0;0
172.67.207.228;172.67.207.228;80;1047;80;6252001;US;United States;;5707;101;1;1;0;0;0
108.162.192.136;108.162.192.136;80;1047;20;6252001;US;United States;;6392;108;1;1;0;0;0
45.159.216.95;45.159.216.95;80;1047;20;6252001;US;United States;;213;86;1;1;0;0;0
172.67.82.234;172.67.82.234;80;1047;100;6252001;US;United States;;11177;129;1;1;0;0;0
103.21.244.39;103.21.244.39;80;1047;20;4744870;US;United States;Ashburn;10483;138;1;1;0;0;0
172.67.254.150;172.67.254.150;80;1047;100;6252001;US;United States;;16401;211;1;1;0;0;0
45.159.218.38;45.159.218.38;80;1047;20;6252001;US;United States;;434;91;1;1;0;0;0
172.67.182.62;172.67.182.62;80;1047;100;6252001;US;United States;;21527;213;1;1;0;0;0
141.101.123.56;141.101.123.56;80;1047;80;6255149;;;;9785;111;1;1;0;0;0
172.67.254.159;172.67.254.159;80;1047;80;6252001;US;United States;;16470;199;1;1;0;0;0
141.101.123.142;141.101.123.142;80;1047;100;6255149;;;;9764;119;1;1;0;0;0
172.67.64.19;172.67.64.19;80;1047;100;6252001;US;United States;;7433;112;1;1;0;0;0
195.85.23.77;195.85.23.77;80;1047;100;3077311;CZ;Czech Republic;;186;95;1;1;0;0;0
172.67.167.48;172.67.167.48;80;1047;80;6252001;US;United States;;7588;155;1;1;0;0;0
185.148.104.58;185.148.104.58;80;1047;20;2017370;RU;Russian Federation;;107;81;1;1;0;0;0
172.64.41.6;172.64.41.6;80;1047;20;6252001;US;United States;;5415;102;1;1;0;0;0
45.131.7.158;45.131.7.158;80;1047;20;2750405;NL;Netherlands;;9593;161;1;1;0;0;0
172.64.68.92;172.64.68.92;80;1047;20;6252001;US;United States;;15203;184;1;1;0;0;0
185.18.250.210;185.18.250.210;80;1047;20;2658434;CH;Switzerland;;168;90;1;1;0;0;0
45.131.208.74;45.131.208.74;80;1047;20;2750405;NL;Netherlands;;8074;114;1;1;0;0;0
185.162.230.192;185.162.230.192;80;1047;20;174982;AM;Armenia;;13473;272;1;1;0;0;0
185.162.229.92;185.162.229.92;80;1047;20;174982;AM;Armenia;;13626;224;1;1;0;0;0
188.114.97.114;188.114.97.114;80;1047;80;0;;;;2710;100;1;1;0;0;0
103.118.47.243;103.118.47.243;8080;1098;920;1821306;KH;Cambodia;Phnom Penh;8241;4881;4;1;0;0;0
203.95.199.7;203.95.199.7;8080;1098;900;1821306;KH;Cambodia;Phnom Penh;202;228;4;1;0;0;0
91.214.62.121;91.214.62.121;8053;1135;480;3170094;IT;Italy;Portoferraio;243;1344;4;0;0;0;1
98.190.239.3;98.190.239.3;4145;1139;1060;4281730;US;United States;Wichita;1462;258;4;0;0;1;0
68.71.252.38;68.71.252.38;4145;1139;1140;6252001;US;United States;;4366;1406;4;0;0;1;0
68.71.249.158;68.71.249.158;4145;1139;1140;6252001;US;United States;;3861;1368;4;0;0;1;0
172.67.70.198;172.67.70.198;80;1167;80;6252001;US;United States;;8590;120;1;1;0;0;0
160.123.255.180;160.123.255.180;80;1167;20;953987;ZA;South Africa;;176;86;1;1;0;0;0
172.67.177.201;172.67.177.201;80;1167;80;6252001;US;United States;;13758;213;1;1;0;0;0
172.67.129.70;172.67.129.70;80;1167;80;6252001;US;United States;;8287;153;1;1;0;0;0
45.131.7.246;45.131.7.246;80;1167;20;2750405;NL;Netherlands;;8174;133;1;1;0;0;0
172.67.68.68;172.67.68.68;80;1167;100;6252001;US;United States;;7554;128;1;1;0;0;0
23.227.39.223;23.227.39.223;80;1167;80;6094817;CA;Canada;Ottawa;7120;89;1;1;0;0;0
45.12.30.188;45.12.30.188;80;1167;20;798549;RO;Romania;;13511;239;1;1;0;0;0
185.162.231.109;185.162.231.109;80;1168;40;174982;AM;Armenia;;13377;305;1;1;0;0;0
185.162.231.201;185.162.231.201;80;1168;20;174982;AM;Armenia;;13390;292;1;1;0;0;0
172.67.171.205;172.67.171.205;80;1168;100;6252001;US;United States;;11991;175;1;1;0;0;0
141.101.121.144;141.101.121.144;80;1168;60;6255149;;;;9799;108;1;1;0;0;0
46.254.92.175;46.254.92.175;80;1168;20;2017370;RU;Russian Federation;;301;94;1;1;0;0;0
31.43.179.106;31.43.179.106;80;1168;20;1522867;KZ;Kazakstan;;11968;212;1;1;0;0;0
188.42.89.24;188.42.89.24;80;1168;20;2960313;LU;Luxembourg;;180;94;1;1;0;0;0
23.227.38.4;23.227.38.4;80;1168;80;6251999;CA;Canada;;13773;209;1;1;0;0;0
117.161.170.163;117.161.170.163;9408;1212;4520;1814991;CN;China;;7;50;4;0;0;0;1
98.191.0.37;98.191.0.37;4145;1224;920;5289282;US;United States;Chandler;8542;4822;4;0;0;1;0
8.210.117.141;8.210.117.141;8888;1282;5100;1819729;HK;Hong Kong;Hong Kong;160;419;4;1;0;0;0
42.96.16.176;42.96.16.176;1312;1284;5100;1562822;VN;Vietnam;;33;118;4;1;0;0;0
45.12.31.157;45.12.31.157;80;1286;20;798549;RO;Romania;;13558;249;1;1;0;0;0
172.67.182.11;172.67.182.11;80;1286;100;6252001;US;United States;;21445;229;1;1;0;0;0
185.162.229.215;185.162.229.215;80;1286;20;174982;AM;Armenia;;13872;234;1;1;0;0;0
5.10.245.115;5.10.245.115;80;1286;20;2750405;NL;Netherlands;;180;86;1;1;0;0;0
185.162.230.136;185.162.230.136;80;1286;20;174982;AM;Armenia;;13507;240;1;1;0;0;0
188.42.89.101;188.42.89.101;80;1286;20;2960313;LU;Luxembourg;;184;97;1;1;0;0;0
185.170.166.88;185.170.166.88;80;1286;20;2635167;GB;United Kingdom;;8229;125;1;1;0;0;0
185.170.166.99;185.170.166.99;80;1286;20;2635167;GB;United Kingdom;;8217;126;1;1;0;0;0
160.123.255.20;160.123.255.20;80;1286;20;953987;ZA;South Africa;;96;93;1;1;0;0;0
45.80.111.23;45.80.111.23;80;1286;20;2921044;DE;Germany;;249;93;1;1;0;0;0
172.67.191.9;172.67.191.9;80;1286;100;6252001;US;United States;;8718;147;1;1;0;0;0
57.129.81.201;57.129.81.201;8080;1299;440;2925533;DE;Germany;Frankfurt am Main;1241;684;4;1;0;0;0
23.237.210.82;23.237.210.82;80;1303;660;6252001;US;United States;;1824;276;1;1;0;0;0
185.162.228.94;185.162.228.94;80;1407;20;174982;AM;Armenia;;13576;252;1;1;0;0;0
188.114.96.30;188.114.96.30;80;1407;80;2759794;NL;Netherlands;Amsterdam;9639;156;1;1;0;0;0
160.153.1.90;160.153.1.90;80;1407;20;6252001;US;United States;;189;89;1;1;0;0;0
185.170.166.19;185.170.166.19;80;1407;20;2635167;GB;United Kingdom;;8280;126;1;1;0;0;0
45.159.218.55;45.159.218.55;80;1407;20;6252001;US;United States;;182;95;1;1;0;0;0
91.193.59.127;91.193.59.127;80;1407;20;2635167;GB;United Kingdom;;133;95;1;1;0;0;0
185.170.166.49;185.170.166.49;80;1407;20;2635167;GB;United Kingdom;;8270;126;1;1;0;0;0
172.67.70.35;172.67.70.35;80;1407;80;6252001;US;United States;;8588;119;1;1;0;0;0
www.opensignal.com;172.66.40.170;80;1407;100;0;;;;2682;93;1;1;0;0;0
172.67.182.61;172.67.182.61;80;1407;60;6252001;US;United States;;18165;224;1;1;0;0;0
141.101.120.172;141.101.120.172;80;1407;80;6255149;;;;9768;117;1;1;0;0;0
45.194.53.128;45.194.53.128;80;1407;20;6252001;US;United States;;168;103;1;1;0;0;0
63.141.128.147;63.141.128.147;80;1407;20;6252001;US;United States;;6758;111;1;1;0;0;0
195.85.23.106;195.85.23.106;80;1407;80;3077311;CZ;Czech Republic;;199;87;1;1;0;0;0
185.176.24.92;185.176.24.92;80;1407;20;2759794;NL;Netherlands;Amsterdam;154;94;1;1;0;0;0
23.227.38.144;23.227.38.144;80;1407;60;6251999;CA;Canada;;13671;218;1;1;0;0;0
160.153.1.148;160.153.1.148;80;1407;20;6252001;US;United States;;186;90;1;1;0;0;0
23.227.38.166;23.227.38.166;80;1407;80;6251999;CA;Canada;;13747;205;1;1;0;0;0
173.245.49.45;173.245.49.45;80;1407;20;2988507;FR;France;Paris;18274;223;1;1;0;0;0
206.238.237.254;206.238.237.254;80;1407;20;1880252;SG;Singapore;Singapore;2995;83;1;1;0;0;0
141.101.121.194;141.101.121.194;80;1407;80;6255149;;;;9778;119;1;1;0;0;0
141.101.121.184;141.101.121.184;80;1407;100;6255149;;;;9760;114;1;1;0;0;0
172.67.72.12;172.67.72.12;80;1407;80;0;;;;2805;94;1;1;0;0;0
185.193.31.76;185.193.31.76;80;1407;20;2635167;GB;United Kingdom;;162;87;1;1;0;0;0
173.245.59.16;173.245.59.16;80;1407;20;6252001;US;United States;;4999;93;1;1;0;0;0
51.158.70.181;51.158.70.181;16379;1427;2460;2988507;FR;France;Paris;495;1319;4;0;0;1;0
81.143.236.200;81.143.236.200;443;1427;3060;2643743;GB;United Kingdom;London;318;3904;4;0;0;0;1
103.182.240.75;103.182.240.75;1080;1439;2140;1643084;ID;Indonesia;;68;114;4;0;0;1;0
98.181.137.80;98.181.137.80;4145;1446;880;5506956;US;United States;Las Vegas;27742;8891;4;0;0;1;0
98.188.47.132;98.188.47.132;4145;1446;900;6252001;US;United States;;52548;29125;4;0;0;1;0
98.178.72.21;98.178.72.21;10919;1446;880;6252001;US;United States;;54633;19829;4;0;0;1;0
98.64.128.182;98.64.128.182;3128;1453;460;2759794;NL;Netherlands;Amsterdam;1416;1197;1;1;0;0;0
4.245.123.244;4.245.123.244;80;1459;420;2759794;NL;Netherlands;Amsterdam;709;180;4;1;0;0;0
103.169.142.67;103.169.142.67;80;1526;20;2077456;AU;Australia;;171;100;1;1;0;0;0
172.67.65.31;172.67.65.31;80;1526;100;6252001;US;United States;;10770;126;1;1;0;0;0
45.159.219.235;45.159.219.235;80;1526;20;6252001;US;United States;;241;90;1;1;0;0;0
188.42.88.140;188.42.88.140;80;1526;20;2960313;LU;Luxembourg;;169;96;1;1;0;0;0
172.67.70.212;172.67.70.212;80;1526;100;6252001;US;United States;;8662;109;1;1;0;0;0
45.131.4.98;45.131.4.98;80;1526;20;2750405;NL;Netherlands;;9481;170;1;1;0;0;0
172.67.180.80;172.67.180.80;80;1526;60;0;;;;1385;88;1;1;0;0;0
23.227.39.80;23.227.39.80;80;1526;80;6094817;CA;Canada;Ottawa;9041;104;1;1;0;0;0
172.67.185.197;172.67.185.197;80;1526;80;6252001;US;United States;;11266;192;1;1;0;0;0
admin.cakap.com;188.114.97.1;80;1526;80;0;;;;3181;109;1;1;0;0;0
45.131.208.52;45.131.208.52;80;1526;20;2750405;NL;Netherlands;;8090;117;1;1;0;0;0
173.245.49.127;173.245.49.127;80;1526;20;0;;;;2223;96;1;1;0;0;0
199.34.229.106;199.34.229.106;80;1526;20;6252001;US;United States;;170;93;1;1;0;0;0
31.43.179.199;31.43.179.199;80;1526;20;1522867;KZ;Kazakstan;;11789;226;1;1;0;0;0
23.227.39.206;23.227.39.206;80;1526;100;6094817;CA;Canada;Ottawa;6739;106;1;1;0;0;0
198.177.56.112;198.177.56.112;80;1526;20;6252001;US;United States;;177;96;1;1;0;0;0
62.72.166.173;62.72.166.173;80;1526;20;248816;JO;Jordan;;183;90;1;1;0;0;0
45.131.5.171;45.131.5.171;80;1526;20;2750405;NL;Netherlands;;6774;105;1;1;0;0;0
45.131.5.23;45.131.5.23;80;1527;20;2750405;NL;Netherlands;;8286;106;1;1;0;0;0
140.238.184.182;140.238.184.182;3128;1632;3140;3448439;BR;Brazil;S?o Paulo;223;201;1;1;0;0;0
173.245.49.251;173.245.49.251;80;1647;20;2988507;FR;France;Paris;8000;118;1;1;0;0;0
45.12.30.45;45.12.30.45;80;1647;20;798549;RO;Romania;;11294;188;1;1;0;0;0
172.67.176.148;172.67.176.148;80;1647;80;6252001;US;United States;;7902;148;1;1;0;0;0
172.67.111.224;172.67.111.224;80;1647;80;0;;;;192;86;1;1;0;0;0
160.153.0.66;160.153.0.66;80;1647;20;6252001;US;United States;;428;103;1;1;0;0;0
172.67.229.16;172.67.229.16;80;1647;80;6252001;US;United States;;6138;96;1;1;0;0;0
172.64.33.169;172.64.33.169;80;1647;20;0;;;;2657;92;1;1;0;0;0
23.227.39.209;23.227.39.209;80;1647;100;6094817;CA;Canada;Ottawa;7870;107;1;1;0;0;0
172.64.32.156;172.64.32.156;80;1647;20;0;;;;2742;92;1;1;0;0;0
181.214.1.8;181.214.1.8;80;1647;20;2750523;NL;Netherlands;Naaldwijk;7405;116;1;1;0;0;0
154.197.75.220;154.197.75.220;80;1647;20;241170;SC;Seychelles;;172;96;1;1;0;0;0
45.80.111.111;45.80.111.111;80;1647;20;2921044;DE;Germany;;292;93;1;1;0;0;0
156.225.72.29;156.225.72.29;80;1647;20;6252001;US;United States;;173;98;1;1;0;0;0
66.235.200.189;66.235.200.189;80;1647;20;6252001;US;United States;;6829;101;1;1;0;0;0
5.10.245.18;5.10.245.18;80;1647;20;2750405;NL;Netherlands;;168;82;1;1;0;0;0
185.146.173.119;185.146.173.119;80;1647;20;2661886;SE;Sweden;;120;90;1;1;0;0;0
45.12.31.166;45.12.31.166;80;1647;20;798549;RO;Romania;;13611;254;1;1;0;0;0
45.12.31.174;45.12.31.174;80;1647;20;798549;RO;Romania;;13626;242;1;1;0;0;0
154.197.75.81;154.197.75.81;80;1647;20;241170;SC;Seychelles;;126;89;1;1;0;0;0
45.12.30.58;45.12.30.58;80;1647;20;798549;RO;Romania;;13555;266;1;1;0;0;0
172.67.134.123;172.67.134.123;80;1647;80;6252001;US;United States;;15065;215;1;1;0;0;0
172.67.178.14;172.67.178.14;80;1647;80;6252001;US;United States;;10254;171;1;1;0;0;0
45.12.30.70;45.12.30.70;80;1647;20;798549;RO;Romania;;13556;264;1;1;0;0;0
199.34.228.239;199.34.228.239;80;1647;20;6252001;US;United States;;92;86;1;1;0;0;0
62.72.166.14;62.72.166.14;80;1647;20;248816;JO;Jordan;;98;90;1;1;0;0;0
23.227.38.22;23.227.38.22;80;1647;100;6251999;CA;Canada;;13586;232;1;1;0;0;0
173.245.49.38;173.245.49.38;80;1647;20;2988507;FR;France;Paris;15748;224;1;1;0;0;0
5.10.247.125;5.10.247.125;80;1765;20;2750405;NL;Netherlands;;126;95;1;1;0;0;0
172.67.75.162;172.67.75.162;80;1766;80;6252001;US;United States;;11604;150;1;1;0;0;0
45.80.110.177;45.80.110.177;80;1766;20;453733;EE;Estonia;;169;97;1;1;0;0;0
45.85.119.128;45.85.119.128;80;1766;20;798549;RO;Romania;;8246;132;1;1;0;0;0
45.131.6.144;45.131.6.144;80;1766;20;2750405;NL;Netherlands;;5176;91;1;1;0;0;0
172.67.116.47;172.67.116.47;80;1766;880;6252001;US;United States;;7693;102;1;1;0;0;0
172.67.176.105;172.67.176.105;80;1766;60;6252001;US;United States;;13798;207;1;1;0;0;0
172.67.201.106;172.67.201.106;80;1766;880;6252001;US;United States;;10420;159;1;1;0;0;0
216.24.57.241;216.24.57.241;80;1766;20;6252001;US;United States;;156;86;1;1;0;0;0
141.101.123.80;141.101.123.80;80;1766;80;6255149;;;;9805;112;1;1;0;0;0
141.101.123.64;141.101.123.64;80;1766;80;6255149;;;;9762;123;1;1;0;0;0
172.67.182.36;172.67.182.36;80;1766;220;6252001;US;United States;;21754;245;1;1;0;0;0
172.67.170.24;172.67.170.24;80;1766;1580;6252001;US;United States;;11862;165;1;1;0;0;0
45.131.6.163;45.131.6.163;80;1767;20;2750405;NL;Netherlands;;6789;111;1;1;0;0;0
172.67.192.18;172.67.192.18;80;1767;100;6252001;US;United States;;11309;173;1;1;0;0;0
172.67.182.0;172.67.182.0;80;1767;80;6252001;US;United States;;21370;257;1;1;0;0;0
104.239.72.107;104.239.72.107;80;1767;20;2635167;GB;United Kingdom;;179;95;1;1;0;0;0
204.69.207.234;204.69.207.234;80;1767;20;6252001;US;United States;;112;80;1;1;0;0;0
192.200.160.114;192.200.160.114;80;1767;20;6252001;US;United States;;176;99;1;1;0;0;0
172.67.173.142;172.67.173.142;80;1767;80;6252001;US;United States;;9867;173;1;1;0;0;0
23.227.39.253;23.227.39.253;80;1767;100;6094817;CA;Canada;Ottawa;6779;114;1;1;0;0;0
45.131.7.157;45.131.7.157;80;1767;20;2750405;NL;Netherlands;;7156;110;1;1;0;0;0
159.112.235.214;159.112.235.214;80;1767;20;6252001;US;United States;;8114;123;1;1;0;0;0
45.12.30.193;45.12.30.193;80;1767;20;798549;RO;Romania;;13638;256;1;1;0;0;0
206.238.239.210;206.238.239.210;80;1767;860;1880252;SG;Singapore;Singapore;134;95;1;1;0;0;0
141.101.123.22;141.101.123.22;80;1767;80;6255149;;;;15970;202;1;1;0;0;0
5.10.247.17;5.10.247.17;80;1767;20;2750405;NL;Netherlands;;173;96;1;1;0;0;0
198.177.57.119;198.177.57.119;80;1767;20;6252001;US;United States;;218;84;1;1;0;0;0
66.235.200.98;66.235.200.98;80;1767;20;6252001;US;United States;;8132;114;1;1;0;0;0
23.227.38.98;23.227.38.98;80;1767;80;6251999;CA;Canada;;13747;237;1;1;0;0;0
185.162.229.233;185.162.229.233;80;1767;20;174982;AM;Armenia;;13523;245;1;1;0;0;0
185.162.228.177;185.162.228.177;80;1767;20;174982;AM;Armenia;;13600;233;1;1;0;0;0
188.114.98.114;188.114.98.114;80;1767;80;0;;;;2722;87;1;1;0;0;0
23.227.60.178;23.227.60.178;80;1767;20;6251999;CA;Canada;;97;83;1;1;0;0;0
141.101.123.254;141.101.123.254;80;1767;60;6255149;;;;9771;111;1;1;0;0;0
159.246.55.238;159.246.55.238;80;1767;20;6252001;US;United States;;91;87;1;1;0;0;0
172.64.85.89;172.64.85.89;80;1886;100;6252001;US;United States;;10032;123;1;1;0;0;0
172.67.82.30;172.67.82.30;80;1886;80;6252001;US;United States;;10320;127;1;1;0;0;0
45.159.219.34;45.159.219.34;80;1886;20;6252001;US;United States;;160;101;1;1;0;0;0
103.160.204.244;103.160.204.244;80;1886;80;0;;;;213;67;1;1;0;0;0
173.245.49.101;173.245.49.101;80;1886;20;2988507;FR;France;Paris;13624;254;1;1;0;0;0
141.101.123.101;141.101.123.101;80;1886;80;6255149;;;;9748;101;1;1;0;0;0
141.101.123.207;141.101.123.207;80;1886;80;6255149;;;;9734;113;1;1;0;0;0
172.66.43.7;172.66.43.7;80;1886;80;0;;;;2808;91;1;1;0;0;0
172.64.80.88;172.64.80.88;80;1887;80;6252001;US;United States;;7500;110;1;1;0;0;0
154.197.75.208;154.197.75.208;80;1887;20;241170;SC;Seychelles;;180;88;1;1;0;0;0
103.169.142.103;103.169.142.103;80;1887;20;2077456;AU;Australia;;198;97;1;1;0;0;0
45.131.7.66;45.131.7.66;80;1887;20;2750405;NL;Netherlands;;7443;127;1;1;0;0;0
185.162.231.111;185.162.231.111;80;1887;20;174982;AM;Armenia;;13482;273;1;1;0;0;0
172.67.185.199;172.67.185.199;80;1887;60;6252001;US;United States;;11264;190;1;1;0;0;0
147.185.161.151;147.185.161.151;80;1887;20;6252001;US;United States;;131;103;1;1;0;0;0
45.12.31.108;45.12.31.108;80;1887;20;798549;RO;Romania;;13448;233;1;1;0;0;0
195.85.23.159;195.85.23.159;80;1887;100;3077311;CZ;Czech Republic;;140;81;1;1;0;0;0
172.67.250.212;172.67.250.212;80;1887;80;6252001;US;United States;;10284;156;1;1;0;0;0
188.114.98.98;188.114.98.98;80;1887;80;2759794;NL;Netherlands;Amsterdam;11215;193;1;1;0;0;0
45.131.6.110;45.131.6.110;80;1887;20;2750405;NL;Netherlands;;6778;105;1;1;0;0;0
45.131.7.96;45.131.7.96;80;1887;20;2750405;NL;Netherlands;;6804;99;1;1;0;0;0
45.12.31.95;45.12.31.95;80;1887;20;798549;RO;Romania;;13486;259;1;1;0;0;0
23.227.38.204;23.227.38.204;80;1887;100;6251999;CA;Canada;;13732;200;1;1;0;0;0
172.67.94.120;172.67.94.120;80;1887;80;0;;;;189;90;1;1;0;0;0
206.238.236.196;206.238.236.196;80;1887;20;1880252;SG;Singapore;Singapore;158;92;1;1;0;0;0
172.67.68.93;172.67.68.93;80;1887;100;6252001;US;United States;;3920;94;1;1;0;0;0
159.112.235.186;159.112.235.186;80;1887;20;6252001;US;United States;;8174;116;1;1;0;0;0
168.100.6.221;168.100.6.221;80;1887;20;6252001;US;United States;;208;93;1;1;0;0;0
173.245.49.134;173.245.49.134;80;1887;20;2988507;FR;France;Paris;8084;111;1;1;0;0;0
185.148.104.230;185.148.104.230;80;1887;20;2017370;RU;Russian Federation;;331;99;1;1;0;0;0
141.101.123.179;141.101.123.179;80;1887;80;6255149;;;;9760;117;1;1;0;0;0
185.148.106.24;185.148.106.24;80;1887;20;2017370;RU;Russian Federation;;111;99;1;1;0;0;0
141.101.123.157;141.101.123.157;80;1887;80;6255149;;;;9754;110;1;1;0;0;0
190.93.246.254;190.93.246.254;80;1887;20;3624060;CR;Costa Rica;;8567;111;1;1;0;0;0
185.148.106.144;185.148.106.144;80;1887;20;2017370;RU;Russian Federation;;190;91;1;1;0;0;0
104.254.140.20;104.254.140.20;80;1887;20;6252001;US;United States;;148;95;1;1;0;0;0
185.176.26.180;185.176.26.180;80;1887;20;1526384;KZ;Kazakstan;Almaty;294;88;1;1;0;0;0
172.67.181.68;172.67.181.68;80;2005;60;6252001;US;United States;;21565;233;1;1;0;0;0
45.80.111.148;45.80.111.148;80;2006;20;2921044;DE;Germany;;187;94;1;1;0;0;0
185.162.228.45;185.162.228.45;80;2006;20;174982;AM;Armenia;;13439;272;1;1;0;0;0
185.162.229.122;185.162.229.122;80;2006;1200;174982;AM;Armenia;;13603;242;1;1;0;0;0
172.64.92.45;172.64.92.45;80;2007;80;6252001;US;United States;;10019;116;1;1;0;0;0
172.67.180.3;172.67.180.3;80;2007;80;6252001;US;United States;;14908;210;1;1;0;0;0
172.67.177.198;172.67.177.198;80;2007;80;6252001;US;United States;;13762;221;1;1;0;0;0
epos.vertriebspartner.de.o2.com;141.101.90.97;80;2007;280;0;;;;3218;559;1;1;0;0;0
172.67.221.213;172.67.221.213;80;2007;100;6252001;US;United States;;9723;149;1;1;0;0;0
172.67.161.225;172.67.161.225;80;2007;80;6252001;US;United States;;4816;96;1;1;0;0;0
185.162.228.134;185.162.228.134;80;2008;20;174982;AM;Armenia;;13500;264;1;1;0;0;0
45.131.208.89;45.131.208.89;80;2008;20;2750405;NL;Netherlands;;8078;130;1;1;0;0;0
63.141.128.80;63.141.128.80;80;2008;20;6252001;US;United States;;9644;141;1;1;0;0;0
45.159.217.255;45.159.217.255;80;2008;20;6252001;US;United States;;169;86;1;1;0;0;0
45.131.6.2;45.131.6.2;80;2008;40;2750405;NL;Netherlands;;8906;132;1;1;0;0;0
185.162.228.200;185.162.228.200;80;2008;20;174982;AM;Armenia;;13632;237;1;1;0;0;0
31.12.75.28;31.12.75.28;80;2008;20;2017370;RU;Russian Federation;;153;85;1;1;0;0;0
45.159.219.117;45.159.219.117;80;2008;20;6252001;US;United States;;161;97;1;1;0;0;0
45.85.119.176;45.85.119.176;80;2008;20;798549;RO;Romania;;174;92;1;1;0;0;0
185.170.166.251;185.170.166.251;80;2008;20;2635167;GB;United Kingdom;;152;78;1;1;0;0;0
45.142.120.14;45.142.120.14;80;2008;20;524925;RU;Russian Federation;;322;103;1;1;0;0;0
66.235.200.82;66.235.200.82;80;2008;20;6252001;US;United States;;8168;102;1;1;0;0;0
45.159.218.168;45.159.218.168;80;2008;20;6252001;US;United States;;129;91;1;1;0;0;0
45.159.216.197;45.159.216.197;80;2008;20;6252001;US;United States;;117;93;1;1;0;0;0
45.159.218.78;45.159.218.78;80;2008;20;6252001;US;United States;;97;87;1;1;0;0;0
184.168.47.238;184.168.47.238;80;2008;20;6252001;US;United States;;436;95;1;1;0;0;0
5.10.246.112;5.10.246.112;80;2008;20;2750405;NL;Netherlands;;121;94;1;1;0;0;0
45.159.217.134;45.159.217.134;80;2128;40;6252001;US;United States;;270;98;1;1;0;0;0
69.84.182.21;69.84.182.21;80;2128;20;6252001;US;United States;;7929;116;1;1;0;0;0
185.162.228.30;185.162.228.30;80;2128;20;174982;AM;Armenia;;13598;247;1;1;0;0;0
199.34.230.223;199.34.230.223;80;2128;20;6252001;US;United States;;177;96;1;1;0;0;0
45.80.111.174;45.80.111.174;80;2128;20;2921044;DE;Germany;;343;91;1;1;0;0;0
45.159.218.201;45.159.218.201;80;2128;20;6252001;US;United States;;164;88;1;1;0;0;0
195.245.221.171;195.245.221.171;80;2128;20;1522867;KZ;Kazakstan;;194;93;1;1;0;0;0
45.80.111.112;45.80.111.112;80;2128;20;2921044;DE;Germany;;447;98;1;1;0;0;0
164.38.155.40;164.38.155.40;80;2128;20;2635167;GB;United Kingdom;;7902;114;1;1;0;0;0
172.67.170.5;172.67.170.5;80;2128;100;6252001;US;United States;;11890;176;1;1;0;0;0
102.177.176.23;102.177.176.23;80;2128;20;953987;ZA;South Africa;;204;98;1;1;0;0;0
66.235.200.99;66.235.200.99;80;2128;20;6252001;US;United States;;9289;111;1;1;0;0;0
103.21.244.70;103.21.244.70;80;2128;20;4744870;US;United States;Ashburn;10549;123;1;1;0;0;0
pensi.ruangguru.com;8.47.69.6;80;2128;20;3060972;SK;Slovakia;Bratislava;614;91;1;1;0;0;0
195.245.221.254;195.245.221.254;80;2128;20;1522867;KZ;Kazakstan;;184;87;1;1;0;0;0
159.112.235.201;159.112.235.201;80;2128;20;6252001;US;United States;;8112;110;1;1;0;0;0
141.193.213.163;141.193.213.163;80;2128;20;6252001;US;United States;;11211;166;1;1;0;0;0
31.43.179.146;31.43.179.146;80;2128;20;1522867;KZ;Kazakstan;;11911;246;1;1;0;0;0
66.81.247.187;66.81.247.187;80;2128;20;6252001;US;United States;;183;91;1;1;0;0;0
31.43.179.24;31.43.179.24;80;2128;20;1522867;KZ;Kazakstan;;8104;122;1;1;0;0;0
45.159.218.96;45.159.218.96;80;2128;40;6252001;US;United States;;128;87;1;1;0;0;0
159.112.235.203;159.112.235.203;80;2128;20;6252001;US;United States;;6750;109;1;1;0;0;0
185.162.229.172;185.162.229.172;80;2128;20;174982;AM;Armenia;;13466;256;1;1;0;0;0
172.67.251.214;172.67.251.214;80;2128;100;6252001;US;United States;;10256;189;1;1;0;0;0
142.54.228.193;142.54.228.193;4145;2149;980;6252001;US;United States;;19973;12754;4;0;0;1;0
49.207.36.81;49.207.36.81;80;2149;860;1264527;IN;India;Chennai;2288;10;4;1;0;0;0
72.205.0.67;72.205.0.67;4145;2153;900;4760059;US;United States;Fredericksburg;3724;1036;4;0;0;1;0
89.58.57.45;89.58.57.45;80;2153;3440;2861650;DE;Germany;Nuremberg;559;369;4;1;0;0;0
64.227.131.240;64.227.131.240;1080;2153;980;1277333;IN;India;Bengaluru;787;536;4;0;0;1;0
74.119.144.60;74.119.144.60;4145;2154;880;6252001;US;United States;;25565;19766;4;0;0;1;0
154.194.12.42;154.194.12.42;80;2246;20;1880252;SG;Singapore;Singapore;450;85;1;1;0;0;0
31.43.179.183;31.43.179.183;80;2246;20;1522867;KZ;Kazakstan;;11950;192;1;1;0;0;0
45.159.219.177;45.159.219.177;80;2246;40;6252001;US;United States;;260;92;1;1;0;0;0
154.197.75.159;154.197.75.159;80;2246;20;241170;SC;Seychelles;;241;96;1;1;0;0;0
45.159.219.52;45.159.219.52;80;2367;20;6252001;US;United States;;168;90;1;1;0;0;0
45.80.111.152;45.80.111.152;80;2367;20;2921044;DE;Germany;;141;94;1;1;0;0;0
45.159.217.161;45.159.217.161;80;2367;20;6252001;US;United States;;196;94;1;1;0;0;0
www.mobile-devices.ubigi.com;141.193.213.10;80;2367;20;6252001;US;United States;;1720;93;1;1;0;0;0
181.214.1.97;181.214.1.97;80;2367;20;290557;AE;United Arab Emirates;;151;90;1;1;0;0;0
45.159.218.235;45.159.218.235;80;2367;20;6252001;US;United States;;199;86;1;1;0;0;0
172.67.191.254;172.67.191.254;80;2367;100;6252001;US;United States;;11313;179;1;1;0;0;0
45.159.216.150;45.159.216.150;80;2367;20;6252001;US;United States;;186;91;1;1;0;0;0
45.159.217.165;45.159.217.165;80;2367;20;6252001;US;United States;;126;93;1;1;0;0;0
172.67.187.246;172.67.187.246;80;2367;100;6252001;US;United States;;11258;176;1;1;0;0;0
5.182.34.171;5.182.34.171;80;2367;20;3173435;IT;Italy;Milan;4305;96;1;1;0;0;0
46.254.92.122;46.254.92.122;80;2487;20;2017370;RU;Russian Federation;;313;84;1;1;0;0;0
154.194.12.211;154.194.12.211;80;2487;20;1880252;SG;Singapore;Singapore;122;83;1;1;0;0;0
141.101.120.144;141.101.120.144;80;2487;100;6255149;;;;9799;115;1;1;0;0;0
172.67.167.7;172.67.167.7;80;2487;100;6252001;US;United States;;13809;199;1;1;0;0;0
46.254.92.208;46.254.92.208;80;2487;80;2017370;RU;Russian Federation;;181;95;1;1;0;0;0
23.227.38.47;23.227.38.47;80;2487;80;6251999;CA;Canada;;13734;220;1;1;0;0;0
185.162.228.49;185.162.228.49;80;2487;20;174982;AM;Armenia;;13545;253;1;1;0;0;0
206.238.236.83;206.238.236.83;80;2487;40;1880252;SG;Singapore;Singapore;108;76;1;1;0;0;0
172.64.80.202;172.64.80.202;80;2487;100;0;;;;1454;89;1;1;0;0;0
46.254.92.8;46.254.92.8;80;2487;20;2017370;RU;Russian Federation;;289;97;1;1;0;0;0
46.254.93.38;46.254.93.38;80;2487;20;2017370;RU;Russian Federation;;162;90;1;1;0;0;0
141.193.213.251;141.193.213.251;80;2487;20;6252001;US;United States;;11711;157;1;1;0;0;0
195.85.23.88;195.85.23.88;80;2487;80;3077311;CZ;Czech Republic;;241;76;1;1;0;0;0
46.254.92.203;46.254.92.203;80;2487;440;2017370;RU;Russian Federation;;92;90;1;1;0;0;0
46.254.92.98;46.254.92.98;80;2487;40;2017370;RU;Russian Federation;;159;82;1;1;0;0;0
46.254.93.153;46.254.93.153;80;2487;20;2017370;RU;Russian Federation;;213;80;1;1;0;0;0
46.254.93.97;46.254.93.97;80;2487;20;2017370;RU;Russian Federation;;121;99;1;1;0;0;0
185.148.104.71;185.148.104.71;80;2487;20;2017370;RU;Russian Federation;;297;87;1;1;0;0;0
45.12.30.40;45.12.30.40;80;2487;40;798549;RO;Romania;;13538;241;1;1;0;0;0
46.254.93.29;46.254.93.29;80;2487;20;2017370;RU;Russian Federation;;192;90;1;1;0;0;0
160.123.255.153;160.123.255.153;80;2487;20;953987;ZA;South Africa;;179;87;1;1;0;0;0
45.67.215.41;45.67.215.41;80;2487;20;2017370;RU;Russian Federation;;294;96;1;1;0;0;0
46.254.92.84;46.254.92.84;80;2487;20;2017370;RU;Russian Federation;;297;97;1;1;0;0;0
5.10.244.164;5.10.244.164;80;2487;20;2750405;NL;Netherlands;;145;88;1;1;0;0;0
elob-market.orange.com;141.101.90.96;80;2607;200;6252001;US;United States;;5316;3;1;1;0;0;0
172.67.182.165;172.67.182.165;80;2608;80;6252001;US;United States;;21641;217;1;1;0;0;0
cdn.covid19.go.id;188.114.97.1;80;2608;80;0;;;;1708;108;1;1;0;0;0
194.152.44.174;194.152.44.174;80;2608;20;2750405;NL;Netherlands;;331;88;1;1;0;0;0
172.67.168.229;172.67.168.229;80;2608;100;0;;;;1671;83;1;1;0;0;0
45.131.6.137;45.131.6.137;80;2608;40;2750405;NL;Netherlands;;7582;110;1;1;0;0;0
172.67.142.19;172.67.142.19;80;2726;80;6252001;US;United States;;9673;140;1;1;0;0;0
172.67.70.243;172.67.70.243;80;2726;100;6252001;US;United States;;8627;116;1;1;0;0;0
172.67.162.173;172.67.162.173;80;2726;80;6252001;US;United States;;11757;149;1;1;0;0;0
190.93.246.148;190.93.246.148;80;2726;1260;3624060;CR;Costa Rica;;9997;123;1;1;0;0;0
5.182.34.81;5.182.34.81;80;2727;40;3173435;IT;Italy;Milan;4337;100;1;1;0;0;0
5.10.245.81;5.10.245.81;80;2727;20;2750405;NL;Netherlands;;453;92;1;1;0;0;0
154.194.12.107;154.194.12.107;80;2727;40;1880252;SG;Singapore;Singapore;663;88;1;1;0;0;0
206.238.238.159;206.238.238.159;80;2727;20;1880252;SG;Singapore;Singapore;275;93;1;1;0;0;0
46.254.93.108;46.254.93.108;80;2727;20;2017370;RU;Russian Federation;;188;87;1;1;0;0;0
154.194.12.252;154.194.12.252;80;2727;20;1880252;SG;Singapore;Singapore;282;99;1;1;0;0;0
72.195.34.41;72.195.34.41;4145;2838;2120;6252001;US;United States;;53390;28047;4;0;0;1;0
67.201.35.145;67.201.35.145;4145;2839;980;6252001;US;United States;;4764;1526;4;0;0;1;0
67.201.39.14;67.201.39.14;4145;2839;980;6252001;US;United States;;4055;1380;4;0;0;1;0
5.10.244.253;5.10.244.253;80;2845;20;2750405;NL;Netherlands;;181;90;1;1;0;0;0
164.38.155.38;164.38.155.38;80;2846;20;2635167;GB;United Kingdom;;158;85;1;1;0;0;0
ssgdmuntest12.net.de.o2.com;141.101.90.97;80;2846;260;0;;;;3216;581;1;1;0;0;0
159.112.235.36;159.112.235.36;80;2847;20;6252001;US;United States;;8121;123;1;1;0;0;0
141.101.122.33;141.101.122.33;80;2847;100;6255149;;;;9830;92;1;1;0;0;0
23.227.39.187;23.227.39.187;80;2847;80;6094817;CA;Canada;Ottawa;7685;114;1;1;0;0;0
185.162.229.13;185.162.229.13;80;2847;20;174982;AM;Armenia;;13602;225;1;1;0;0;0
46.254.92.96;46.254.92.96;80;2847;20;2017370;RU;Russian Federation;;164;105;1;1;0;0;0
141.193.213.109;141.193.213.109;80;2847;20;6252001;US;United States;;9674;147;1;1;0;0;0
172.67.158.58;172.67.158.58;80;2847;100;0;;;;3484;93;1;1;0;0;0
45.131.5.39;45.131.5.39;80;2847;20;2750405;NL;Netherlands;;7450;112;1;1;0;0;0
45.131.6.54;45.131.6.54;80;2847;20;2750405;NL;Netherlands;;9286;146;1;1;0;0;0
103.21.244.220;103.21.244.220;80;2847;20;4744870;US;United States;Ashburn;10544;145;1;1;0;0;0
172.67.182.120;172.67.182.120;80;2847;80;6252001;US;United States;;21538;264;1;1;0;0;0
46.254.92.38;46.254.92.38;80;2847;20;2017370;RU;Russian Federation;;176;90;1;1;0;0;0
172.64.150.188;172.64.150.188;80;2847;20;0;;;;203;84;1;1;0;0;0
45.131.7.79;45.131.7.79;80;2847;20;2750405;NL;Netherlands;;9629;141;1;1;0;0;0
172.67.208.143;172.67.208.143;80;2847;60;6252001;US;United States;;10332;161;1;1;0;0;0
141.101.122.63;141.101.122.63;80;2847;100;6255149;;;;9837;103;1;1;0;0;0
141.101.122.189;141.101.122.189;80;2847;80;6255149;;;;9805;107;1;1;0;0;0
141.101.122.0;141.101.122.0;80;2847;80;6255149;;;;9824;97;1;1;0;0;0
45.12.30.243;45.12.30.243;80;2847;20;798549;RO;Romania;;13563;237;1;1;0;0;0
172.67.177.69;172.67.177.69;80;2847;100;6252001;US;United States;;13748;212;1;1;0;0;0
104.254.140.111;104.254.140.111;80;2847;20;6252001;US;United States;;61;47;1;1;0;0;0
199.34.229.214;199.34.229.214;80;2847;20;6252001;US;United States;;181;80;1;1;0;0;0
45.12.30.133;45.12.30.133;80;2847;20;798549;RO;Romania;;13597;242;1;1;0;0;0
45.67.215.199;45.67.215.199;80;2847;20;2017370;RU;Russian Federation;;149;91;1;1;0;0;0
184.168.47.91;184.168.47.91;80;2847;20;6252001;US;United States;;123;92;1;1;0;0;0
172.67.187.242;172.67.187.242;80;2847;60;6252001;US;United States;;11628;185;1;1;0;0;0
45.12.31.177;45.12.31.177;80;2847;20;798549;RO;Romania;;13695;233;1;1;0;0;0
172.64.88.159;172.64.88.159;80;2847;80;0;;;;137;87;1;1;0;0;0
172.66.43.185;172.66.43.185;80;2847;100;6252001;US;United States;;3684;93;1;1;0;0;0
45.85.119.169;45.85.119.169;80;2967;20;798549;RO;Romania;;124;99;1;1;0;0;0
185.162.228.166;185.162.228.166;80;2967;20;174982;AM;Armenia;;13778;238;1;1;0;0;0
46.254.92.11;46.254.92.11;80;2967;20;2017370;RU;Russian Federation;;145;100;1;1;0;0;0
199.34.229.21;199.34.229.21;80;2967;20;6252001;US;United States;;197;89;1;1;0;0;0
172.67.75.2;172.67.75.2;80;2967;80;6252001;US;United States;;11533;134;1;1;0;0;0
185.162.228.247;185.162.228.247;80;2967;20;174982;AM;Armenia;;13458;239;1;1;0;0;0
172.67.85.210;172.67.85.210;80;2967;100;0;;;;157;85;1;1;0;0;0
185.162.231.231;185.162.231.231;80;2967;20;174982;AM;Armenia;;13381;298;1;1;0;0;0
206.238.238.204;206.238.238.204;80;2967;20;1880252;SG;Singapore;Singapore;156;98;1;1;0;0;0
5.10.244.91;5.10.244.91;80;2967;20;2750405;NL;Netherlands;;124;101;1;1;0;0;0
172.67.132.165;172.67.132.165;80;2967;100;0;;;;135;99;1;1;0;0;0
172.67.182.124;172.67.182.124;80;2967;80;6252001;US;United States;;21572;228;1;1;0;0;0
77.104.76.230;77.104.76.230;8080;3019;3880;130758;IR;Iran;;20;886;1;1;0;0;0
185.88.177.197;185.88.177.197;8080;3027;1540;130758;IR;Iran;;528;1528;4;1;0;0;0
89.42.197.84;89.42.197.84;60606;3029;380;130758;IR;Iran;;48;217;4;0;0;1;0
141.101.122.169;141.101.122.169;80;3085;60;6255149;;;;9820;107;1;1;0;0;0
172.67.91.183;172.67.91.183;80;3085;100;6252001;US;United States;;9753;117;1;1;0;0;0
156.225.72.218;156.225.72.218;80;3085;20;6252001;US;United States;;186;97;1;1;0;0;0
154.194.12.209;154.194.12.209;80;3086;20;1880252;SG;Singapore;Singapore;295;101;1;1;0;0;0
206.238.238.200;206.238.238.200;80;3086;20;1880252;SG;Singapore;Singapore;220;78;1;1;0;0;0
206.238.239.158;206.238.239.158;80;3086;20;1880252;SG;Singapore;Singapore;165;88;1;1;0;0;0
45.131.208.249;45.131.208.249;80;3086;20;2750405;NL;Netherlands;;319;94;1;1;0;0;0
154.194.12.95;154.194.12.95;80;3086;20;1880252;SG;Singapore;Singapore;350;98;1;1;0;0;0
141.101.122.18;141.101.122.18;80;3086;80;6255149;;;;9743;116;1;1;0;0;0
172.67.181.199;172.67.181.199;80;3086;80;6252001;US;United States;;17492;208;1;1;0;0;0
172.67.172.7;172.67.172.7;80;3086;80;6252001;US;United States;;6993;116;1;1;0;0;0
185.238.228.161;185.238.228.161;80;3086;20;2510769;ES;Spain;;11260;183;1;1;0;0;0
195.245.221.133;195.245.221.133;80;3086;20;1522867;KZ;Kazakstan;;159;104;1;1;0;0;0
172.67.73.239;172.67.73.239;80;3086;80;6252001;US;United States;;11512;140;1;1;0;0;0
154.194.12.50;154.194.12.50;80;3086;20;1880252;SG;Singapore;Singapore;167;90;1;1;0;0;0
5.182.34.44;5.182.34.44;80;3087;20;3173435;IT;Italy;Milan;4358;91;1;1;0;0;0
5.10.247.18;5.10.247.18;80;3087;20;2750405;NL;Netherlands;;157;94;1;1;0;0;0
194.152.44.213;194.152.44.213;80;3205;20;2750405;NL;Netherlands;;203;91;1;1;0;0;0
45.131.6.241;45.131.6.241;80;3206;20;2750405;NL;Netherlands;;7588;116;1;1;0;0;0
172.64.89.52;172.64.89.52;80;3206;80;6252001;US;United States;;10425;115;1;1;0;0;0
168.100.6.249;168.100.6.249;80;3206;20;6252001;US;United States;;210;89;1;1;0;0;0
159.246.55.226;159.246.55.226;80;3206;20;6252001;US;United States;;106;87;1;1;0;0;0
185.18.250.98;185.18.250.98;80;3206;20;2658434;CH;Switzerland;;123;85;1;1;0;0;0
194.152.44.26;194.152.44.26;80;3206;20;2750405;NL;Netherlands;;143;94;1;1;0;0;0
141.101.122.217;141.101.122.217;80;3206;80;6255149;;;;9813;101;1;1;0;0;0
185.162.230.241;185.162.230.241;80;3206;20;174982;AM;Armenia;;13599;274;1;1;0;0;0
190.93.244.26;190.93.244.26;80;3206;100;5392171;US;United States;San Jose;21452;196;1;1;0;0;0
5.182.34.79;5.182.34.79;80;3206;20;3173435;IT;Italy;Milan;4385;98;1;1;0;0;0
5.182.34.130;5.182.34.130;80;3206;20;3173435;IT;Italy;Milan;4368;89;1;1;0;0;0
45.131.211.152;45.131.211.152;80;3206;20;2750405;NL;Netherlands;;65;61;1;1;0;0;0
185.193.30.202;185.193.30.202;80;3206;20;2635167;GB;United Kingdom;;133;92;1;1;0;0;0
185.105.102.189;185.105.102.189;80;3219;920;130758;IR;Iran;;5201;1386;1;1;0;0;0
172.67.181.35;172.67.181.35;80;3255;100;6252001;US;United States;;21550;235;1;1;0;0;0
fuse-dedicated-66-42-224-229.fuse.net;66.42.224.229;41679;3318;2000;4528097;;;;6677;485;4;0;0;1;0
172.67.70.172;172.67.70.172;80;3326;80;6252001;US;United States;;15859;172;1;1;0;0;0
141.101.122.190;141.101.122.190;80;3326;100;6255149;;;;9755;105;1;1;0;0;0
supportapp.shopify.com;185.146.173.20;80;3327;20;2661886;SE;Sweden;;3531;102;1;1;0;0;0
185.176.24.178;185.176.24.178;80;3327;20;2759794;NL;Netherlands;Amsterdam;131;91;1;1;0;0;0
45.131.6.75;45.131.6.75;80;3327;20;2750405;NL;Netherlands;;9726;147;1;1;0;0;0
5.10.244.211;5.10.244.211;80;3327;20;2750405;NL;Netherlands;;173;97;1;1;0;0;0
45.8.211.63;45.8.211.63;80;3327;20;524925;RU;Russian Federation;;155;90;1;1;0;0;0
194.152.44.172;194.152.44.172;80;3327;20;2750405;NL;Netherlands;;320;102;1;1;0;0;0
172.67.70.142;172.67.70.142;80;3390;100;6252001;US;United States;;8622;112;1;1;0;0;0
66.235.200.87;66.235.200.87;80;3447;20;6252001;US;United States;;8158;106;1;1;0;0;0
194.152.44.66;194.152.44.66;80;3447;20;2750405;NL;Netherlands;;212;84;1;1;0;0;0
unite.shopify.com;23.227.38.33;80;3447;100;2661886;SE;Sweden;;3550;99;1;1;0;0;0
172.67.70.94;172.67.70.94;80;3447;80;6252001;US;United States;;8607;118;1;1;0;0;0
63.141.128.28;63.141.128.28;80;3447;20;6252001;US;United States;;9195;131;1;1;0;0;0
195.85.23.13;195.85.23.13;80;3447;80;3077311;CZ;Czech Republic;;191;91;1;1;0;0;0
185.105.102.179;185.105.102.179;80;3488;480;130758;IR;Iran;;8521;1545;1;1;0;0;0
45.131.4.7;45.131.4.7;80;3566;20;2750405;NL;Netherlands;;9469;181;1;1;0;0;0
185.238.228.192;185.238.228.192;80;3566;20;2510769;ES;Spain;;11397;173;1;1;0;0;0
5.182.34.244;5.182.34.244;80;3567;20;3173435;IT;Italy;Milan;4387;92;1;1;0;0;0
185.162.229.42;185.162.229.42;80;3567;20;174982;AM;Armenia;;13598;235;1;1;0;0;0
45.131.6.220;45.131.6.220;80;3567;20;2750405;NL;Netherlands;;6760;113;1;1;0;0;0
212.183.88.205;212.183.88.205;80;3568;20;2761369;AT;Austria;Vienna;190;92;1;1;0;0;0
www.ycb.bank;8.47.69.6;80;3688;20;2761369;AT;Austria;Vienna;838;92;1;1;0;0;0
103.21.244.182;103.21.244.182;80;3688;20;6252001;US;United States;;8856;115;1;1;0;0;0
154.118.231.30;154.118.231.30;80;3731;1480;160263;TZ;Tanzania;Dar es Salaam;551;142;4;1;0;0;0
133.18.234.13;133.18.234.13;80;3733;1580;1861060;JP;Japan;;13223;1671;4;1;0;0;0
41.59.90.171;41.59.90.171;80;3733;1120;160263;TZ;Tanzania;Dar es Salaam;1708;1610;2;1;0;0;0
5.78.129.53;5.78.129.53;80;3734;840;5731371;US;United States;Hillsboro;805;97;4;1;0;0;0
151.236.24.38;151.236.24.38;80;3735;320;3416706;IS;Iceland;Hafnarfjordur;368;139;4;1;0;0;0
91.107.149.78;91.107.149.78;80;3735;200;2861650;DE;Germany;Nuremberg;560;24;4;1;0;0;0
123.141.181.84;123.141.181.84;5031;3738;920;1843140;KR;Korea;Gangnam-gu;43;93;4;1;0;0;0
123.141.181.53;123.141.181.53;5031;3739;900;1843140;KR;Korea;Gangnam-gu;130;138;4;1;0;0;0
123.141.181.32;123.141.181.32;5031;3739;880;1843140;KR;Korea;Gangnam-gu;68;116;4;1;0;0;0
45.146.163.31;45.146.163.31;80;3742;2800;1850147;JP;Japan;Tokyo;841;31;4;1;0;0;0
190.58.248.86;190.58.248.86;80;3742;800;3573727;TT;Trinidad and Tobago;San Juan;14139;265;4;1;0;0;0
189.202.188.149;189.202.188.149;80;3743;700;3526323;MX;Mexico;Kanas?n;9843;996;4;1;0;0;0
68.185.57.66;68.185.57.66;80;3743;720;5816605;US;United States;Yakima;22527;505;4;1;0;0;0
50.122.86.118;50.122.86.118;80;3743;540;4889426;US;United States;Danville;13971;368;4;1;0;0;0
123.30.154.171;123.30.154.171;7777;3743;1340;1562822;VN;Vietnam;;47410;8941;4;1;0;0;0
4.156.78.45;4.156.78.45;80;3743;1500;4792307;US;United States;Washington;1151;141;3;1;0;0;0
59.7.246.4;59.7.246.4;80;3743;1060;1842485;KR;Korea;Goyang-si;850;18;4;1;0;0;0
4.195.16.140;4.195.16.140;80;3743;1060;2147714;AU;Australia;Sydney;952;10;4;1;0;0;0
32.223.6.94;32.223.6.94;80;3744;500;4832353;US;United States;Danbury;13165;90;4;1;0;0;0
43.156.183.112;43.156.183.112;1080;3744;780;1880252;SG;Singapore;Singapore;270;122;4;1;0;0;0
103.65.237.92;103.65.237.92;5678;3744;760;1643084;ID;Indonesia;;259;208;4;1;0;0;0
62.99.138.162;62.99.138.162;80;3745;220;2761369;AT;Austria;Vienna;11354;67;4;1;0;0;0
213.143.113.82;213.143.113.82;80;3745;200;2761369;AT;Austria;Vienna;16065;116;4;1;0;0;0
89.58.55.33;89.58.55.33;80;3745;400;2861650;DE;Germany;Nuremberg;274;223;4;1;0;0;0
108.141.130.146;108.141.130.146;80;3745;200;2759794;NL;Netherlands;Amsterdam;798;180;4;1;0;0;0
185.162.231.220;185.162.231.220;80;3806;20;174982;AM;Armenia;;13501;251;1;1;0;0;0
support.zoom.us;170.114.46.6;80;3806;20;6252001;US;United States;;5923;131;1;1;0;0;0
cdn.educima.com;8.6.112.6;80;3806;20;2759794;NL;Netherlands;Amsterdam;4219;102;1;1;0;0;0
188.114.99.99;188.114.99.99;80;3837;80;0;;;;2753;96;1;1;0;0;0
172.67.181.40;172.67.181.40;80;3837;80;6252001;US;United States;;21673;218;1;1;0;0;0
141.101.120.37;141.101.120.37;80;3837;80;6255149;;;;9804;119;1;1;0;0;0
141.101.123.222;141.101.123.222;80;3837;100;6255149;;;;16428;205;1;1;0;0;0
172.67.249.201;172.67.249.201;80;3837;80;0;;;;169;84;1;1;0;0;0
141.101.120.201;141.101.120.201;80;3837;80;6255149;;;;9843;122;1;1;0;0;0
69.84.182.57;69.84.182.57;80;3838;20;6252001;US;United States;;7921;121;1;1;0;0;0
185.221.160.174;185.221.160.174;80;3838;20;524925;RU;Russian Federation;;202;99;1;1;0;0;0
170.114.45.188;170.114.45.188;80;3838;20;6252001;US;United States;;161;104;1;1;0;0;0
188.42.89.156;188.42.89.156;80;3838;20;2960313;LU;Luxembourg;;161;101;1;1;0;0;0
168.100.6.186;168.100.6.186;80;3838;20;6252001;US;United States;;182;94;1;1;0;0;0
45.8.211.106;45.8.211.106;80;3838;20;524925;RU;Russian Federation;;66;64;1;1;0;0;0
185.221.160.56;185.221.160.56;80;3838;20;524925;RU;Russian Federation;;203;98;1;1;0;0;0
185.238.228.108;185.238.228.108;80;3838;20;2510769;ES;Spain;;11590;195;1;1;0;0;0
141.193.213.145;141.193.213.145;80;3838;20;6252001;US;United States;;9204;143;1;1;0;0;0
216.205.52.193;216.205.52.193;80;3838;20;6252001;US;United States;;190;100;1;1;0;0;0
108.162.193.94;108.162.193.94;80;3838;20;0;;;;3199;89;1;1;0;0;0
172.67.182.9;172.67.182.9;80;3925;80;6252001;US;United States;;21492;234;1;1;0;0;0
23.227.39.21;23.227.39.21;80;3925;60;6094817;CA;Canada;Ottawa;6797;101;1;1;0;0;0
185.162.231.38;185.162.231.38;80;3926;1140;174982;AM;Armenia;;13449;307;1;1;0;0;0
185.162.228.124;185.162.228.124;80;3926;20;174982;AM;Armenia;;13494;262;1;1;0;0;0
172.67.179.194;172.67.179.194;80;3927;80;6252001;US;United States;;11551;194;1;1;0;0;0
partner.cakap.com;188.114.97.1;80;3927;60;0;;;;3187;112;1;1;0;0;0
185.148.104.144;185.148.104.144;80;3927;20;2017370;RU;Russian Federation;;104;86;1;1;0;0;0
172.67.182.8;172.67.182.8;80;3927;80;6252001;US;United States;;21673;249;1;1;0;0;0
45.12.31.59;45.12.31.59;80;3927;20;798549;RO;Romania;;13460;251;1;1;0;0;0
62.72.166.48;62.72.166.48;80;3927;20;248816;JO;Jordan;;137;96;1;1;0;0;0
23.227.39.83;23.227.39.83;80;3927;60;6094817;CA;Canada;Ottawa;7533;110;1;1;0;0;0
alex.ns.cloudflare.com;172.64.33.100;80;3927;20;0;;;;3203;101;1;1;0;0;0
66.235.200.101;66.235.200.101;80;3927;20;6252001;US;United States;;8539;108;1;1;0;0;0
172.67.131.62;172.67.131.62;80;3927;60;6252001;US;United States;;4892;97;1;1;0;0;0
45.194.53.64;45.194.53.64;80;3927;20;6252001;US;United States;;160;100;1;1;0;0;0
206.238.239.187;206.238.239.187;80;3928;40;1880252;SG;Singapore;Singapore;278;94;1;1;0;0;0
63.141.128.84;63.141.128.84;80;3928;20;6252001;US;United States;;8115;132;1;1;0;0;0
45.131.5.244;45.131.5.244;80;3928;20;2750405;NL;Netherlands;;9685;158;1;1;0;0;0
160.153.1.36;160.153.1.36;80;3928;20;6252001;US;United States;;183;93;1;1;0;0;0
91.193.59.219;91.193.59.219;80;3928;20;2635167;GB;United Kingdom;;156;81;1;1;0;0;0
206.238.236.195;206.238.236.195;80;3928;40;1880252;SG;Singapore;Singapore;117;89;1;1;0;0;0
45.12.31.145;45.12.31.145;80;3928;20;798549;RO;Romania;;13553;232;1;1;0;0;0
45.12.30.89;45.12.30.89;80;3928;20;798549;RO;Romania;;13583;240;1;1;0;0;0
154.16.146.46;154.16.146.46;80;3940;5100;5419384;US;United States;Denver;2798;2084;4;1;0;0;0
58.216.109.17;58.216.109.17;800;3943;1200;1814991;CN;China;;211;92;4;1;0;0;0
58.216.109.14;58.216.109.14;800;3944;1100;1814991;CN;China;;575;57;4;1;0;0;0
106.75.49.110;106.75.49.110;8099;3948;2600;1814991;CN;China;;267;51;1;1;0;0;0
43.135.36.240;43.135.36.240;80;3949;860;1819729;HK;Hong Kong;Hong Kong;948;9;1;1;0;0;0
103.113.3.240;103.113.3.240;3128;3950;880;1643084;ID;Indonesia;;223;39;1;1;0;0;0
8.219.77.141;8.219.77.141;80;3952;1160;1880251;SG;Singapore;;8143;88;3;1;0;0;0
128.140.113.110;128.140.113.110;5153;3952;240;2927913;DE;Germany;Falkenstein;1110;1124;4;1;0;0;0
159.203.61.169;159.203.61.169;8080;3952;760;6167865;CA;Canada;Toronto;4987;4917;4;1;0;0;0
218.77.183.214;218.77.183.214;5224;3954;2080;1814991;CN;China;;1825;377;1;1;0;0;0
119.3.113.152;119.3.113.152;9094;3954;1720;1814991;CN;China;;2595;126;4;1;0;0;0
47.83.192.255;47.83.192.255;8888;3955;2420;6252001;US;United States;;5773;1558;1;1;0;0;0
35.219.118.35;35.219.118.35;80;3956;1160;1642911;ID;Indonesia;Jakarta;985;4;3;1;0;0;0
146.56.162.25;146.56.162.25;80;3956;2140;1835848;KR;Korea;Seoul;266;104;3;1;0;0;0
216.24.57.251;216.24.57.251;80;3956;2860;6252001;US;United States;;140;95;1;1;0;0;0
141.193.213.20;141.193.213.20;80;3957;4280;6252001;US;United States;;11413;181;1;1;0;0;0
218.75.224.4;218.75.224.4;3309;3957;1260;1814991;CN;China;;1685;153;4;1;0;0;0
80.120.49.242;80.120.49.242;80;3957;220;2766824;AT;Austria;Salzburg;4218;400;4;1;0;0;0
69.84.182.155;69.84.182.155;80;3957;4960;6252001;US;United States;;178;102;1;1;0;0;0
183.215.23.242;183.215.23.242;9091;3958;2760;1815577;CN;China;Changsha;39378;4696;4;1;0;0;0
213.33.126.130;213.33.126.130;80;3958;200;2761369;AT;Austria;Vienna;9721;854;4;1;0;0;0
5.10.247.206;5.10.247.206;80;3958;20;2750405;NL;Netherlands;;216;97;1;1;0;0;0
221.231.13.198;221.231.13.198;1080;3958;2160;1814991;CN;China;;26065;8587;4;1;0;0;0
119.3.113.150;119.3.113.150;9094;3958;1800;1814991;CN;China;;2481;112;4;1;0;0;0
23.227.39.164;23.227.39.164;80;3958;100;6094817;CA;Canada;Ottawa;9114;119;1;1;0;0;0
172.67.93.174;172.67.93.174;80;3959;120;6252001;US;United States;;10807;149;1;1;0;0;0
172.67.154.101;172.67.154.101;80;3959;80;6252001;US;United States;;9801;159;1;1;0;0;0
185.41.152.110;185.41.152.110;3128;3959;1260;3017382;FR;France;;155;348;1;1;0;0;0
119.3.113.151;119.3.113.151;9094;3959;1380;1814991;CN;China;;2517;138;4;1;0;0;0
47.91.104.88;47.91.104.88;3128;3959;2140;292223;AE;United Arab Emirates;Dubai;26198;11067;1;1;0;0;0
36.138.53.26;36.138.53.26;10019;3959;1280;1814991;CN;China;;888;69;4;1;0;0;0
65.1.148.157;65.1.148.157;80;3959;920;1275339;IN;India;Mumbai;267;20;3;1;0;0;0
13.230.34.30;13.230.34.30;80;3959;1000;1850147;JP;Japan;Tokyo;4387;134;3;1;0;0;0
139.60.209.2;139.60.209.2;80;3959;500;4357141;US;United States;Hagerstown;237;45;4;1;0;0;0
113.204.79.230;113.204.79.230;9091;3960;620;1814991;CN;China;;329;21;4;1;0;0;0
203.95.196.15;203.95.196.15;8080;3960;860;1821306;KH;Cambodia;Phnom Penh;22;50;4;1;0;0;0
172.67.184.64;172.67.184.64;80;3960;80;6252001;US;United States;;6087;99;1;1;0;0;0
141.101.90.98;141.101.90.98;80;3960;260;6252001;US;United States;;7551;24;1;1;0;0;0
172.67.70.72;172.67.70.72;80;3960;80;6252001;US;United States;;15847;189;1;1;0;0;0
185.221.160.21;185.221.160.21;80;3960;20;524925;RU;Russian Federation;;818;98;1;1;0;0;0
18.216.55.100;18.216.55.100;80;3960;560;4509177;US;United States;Columbus;343;4;3;1;0;0;0
172.64.40.184;172.64.40.184;80;3960;180;6252001;US;United States;;8914;115;1;1;0;0;0
103.169.142.166;103.169.142.166;80;3960;20;2077456;AU;Australia;;290;98;1;1;0;0;0
172.64.101.20;172.64.101.20;80;3960;500;6252001;US;United States;;588;15;1;1;0;0;0
172.64.101.146;172.64.101.146;80;3960;520;6252001;US;United States;;593;19;1;1;0;0;0
23.247.136.248;23.247.136.248;80;3960;1920;1880252;SG;Singapore;Singapore;2031;1802;4;1;0;0;0
141.101.90.99;141.101.90.99;80;3960;180;6252001;US;United States;;8308;27;1;1;0;0;0
173.245.49.147;173.245.49.147;80;3960;20;2988507;FR;France;Paris;7999;112;1;1;0;0;0
198.177.57.250;198.177.57.250;80;3960;20;6252001;US;United States;;166;94;1;1;0;0;0
172.67.68.250;172.67.68.250;80;3961;80;6252001;US;United States;;5642;105;1;1;0;0;0
185.176.24.32;185.176.24.32;80;3961;20;2759794;NL;Netherlands;Amsterdam;184;89;1;1;0;0;0
61.158.175.38;61.158.175.38;9002;3961;520;1783934;CN;China;Shangqiu;14590;3332;4;1;0;0;0
108.162.198.22;108.162.198.22;80;3961;60;6252001;US;United States;;6574;56;1;1;0;0;0
141.101.90.97;141.101.90.97;80;3961;220;6252001;US;United States;;8095;24;1;1;0;0;0
195.85.23.190;195.85.23.190;80;3961;60;3077311;CZ;Czech Republic;;206;90;1;1;0;0;0
23.227.39.49;23.227.39.49;80;3961;80;6094817;CA;Canada;Ottawa;9027;134;1;1;0;0;0
188.42.88.10;188.42.88.10;80;3961;20;2960313;LU;Luxembourg;;193;93;1;1;0;0;0
184.168.47.202;184.168.47.202;80;3961;20;6252001;US;United States;;110;86;1;1;0;0;0
45.80.108.116;45.80.108.116;80;3961;20;453733;EE;Estonia;;132;92;1;1;0;0;0
185.238.228.230;185.238.228.230;80;3962;20;2510769;ES;Spain;;6810;108;1;1;0;0;0
23.227.38.142;23.227.38.142;80;3962;80;6251999;CA;Canada;;13622;208;1;1;0;0;0
141.101.90.96;141.101.90.96;80;3962;240;6252001;US;United States;;7806;20;1;1;0;0;0
89.116.250.219;89.116.250.219;80;3962;80;597427;LT;Lithuania;;216;92;1;1;0;0;0
23.227.39.52;23.227.39.52;80;3962;80;6094817;CA;Canada;Ottawa;7889;105;1;1;0;0;0
172.67.177.156;172.67.177.156;80;3962;80;6252001;US;United States;;13787;217;1;1;0;0;0
172.67.176.55;172.67.176.55;80;3962;80;6252001;US;United States;;13835;195;1;1;0;0;0
66.235.200.86;66.235.200.86;80;3962;20;6252001;US;United States;;6779;119;1;1;0;0;0
185.174.138.248;185.174.138.248;80;3962;20;524925;RU;Russian Federation;;293;90;1;1;0;0;0
45.159.217.34;45.159.217.34;80;3962;20;6252001;US;United States;;248;96;1;1;0;0;0
108.162.198.18;108.162.198.18;80;3962;80;6252001;US;United States;;6500;65;1;1;0;0;0
194.36.55.32;194.36.55.32;80;3962;20;2635167;GB;United Kingdom;;261;90;1;1;0;0;0
108.162.198.165;108.162.198.165;80;3962;60;6252001;US;United States;;6488;87;1;1;0;0;0
216.24.57.236;216.24.57.236;80;3962;20;6252001;US;United States;;117;85;1;1;0;0;0
103.21.244.12;103.21.244.12;80;3962;20;4744870;US;United States;Ashburn;15137;254;1;1;0;0;0
172.67.75.189;172.67.75.189;80;3962;60;6252001;US;United States;;11624;121;1;1;0;0;0
185.238.228.127;185.238.228.127;80;3962;20;2510769;ES;Spain;;11238;193;1;1;0;0;0
45.131.4.71;45.131.4.71;80;3962;20;2750405;NL;Netherlands;;8960;148;1;1;0;0;0
172.67.221.222;172.67.221.222;80;3962;80;6252001;US;United States;;8893;152;1;1;0;0;0
154.194.12.183;154.194.12.183;80;3962;20;1880252;SG;Singapore;Singapore;637;93;1;1;0;0;0
45.131.209.253;45.131.209.253;80;3962;20;2750405;NL;Netherlands;;189;95;1;1;0;0;0
147.185.161.198;147.185.161.198;80;3962;20;6252001;US;United States;;133;84;1;1;0;0;0
141.193.213.247;141.193.213.247;80;3962;20;6252001;US;United States;;11360;159;1;1;0;0;0
173.245.49.156;173.245.49.156;80;3962;20;2988507;FR;France;Paris;7968;114;1;1;0;0;0
ip72-195-101-99.oc.oc.cox.net;72.195.101.99;4145;4039;1040;6252001;US;United States;;1708;182;4;0;0;1;0
185.238.228.169;185.238.228.169;80;4046;2020;2510769;ES;Spain;;11838;197;1;1;0;0;0
69.84.182.23;69.84.182.23;80;4046;780;6252001;US;United States;;7915;111;1;1;0;0;0
103.160.204.58;103.160.204.58;80;4046;60;0;;;;318;59;1;1;0;0;0
46.254.93.50;46.254.93.50;80;4047;20;2017370;RU;Russian Federation;;169;87;1;1;0;0;0
216.205.52.220;216.205.52.220;80;4047;20;6252001;US;United States;;177;101;1;1;0;0;0
185.221.160.78;185.221.160.78;80;4047;20;524925;RU;Russian Federation;;172;99;1;1;0;0;0
102.177.176.62;102.177.176.62;80;4048;20;953987;ZA;South Africa;;199;96;1;1;0;0;0
63.141.128.133;63.141.128.133;80;4048;20;6252001;US;United States;;9308;125;1;1;0;0;0
141.101.123.135;141.101.123.135;80;4048;80;6255149;;;;9854;100;1;1;0;0;0
194.36.55.53;194.36.55.53;80;4048;20;2635167;GB;United Kingdom;;191;87;1;1;0;0;0
45.159.218.163;45.159.218.163;80;4048;20;6252001;US;United States;;172;94;1;1;0;0;0
45.8.211.1;45.8.211.1;80;4048;20;524925;RU;Russian Federation;;147;96;1;1;0;0;0
45.67.215.15;45.67.215.15;80;4048;20;2017370;RU;Russian Federation;;184;102;1;1;0;0;0
185.162.231.7;185.162.231.7;80;4048;20;174982;AM;Armenia;;13546;266;1;1;0;0;0
102.177.176.195;102.177.176.195;80;4048;20;953987;ZA;South Africa;;189;98;1;1;0;0;0
216.24.57.111;216.24.57.111;80;4048;20;6252001;US;United States;;157;101;1;1;0;0;0
63.141.128.20;63.141.128.20;80;4048;20;6252001;US;United States;;8959;127;1;1;0;0;0
188.114.99.126;188.114.99.126;80;4048;100;0;;;;2743;97;1;1;0;0;0
141.193.213.149;141.193.213.149;80;4048;20;6252001;US;United States;;11139;178;1;1;0;0;0
216.205.52.233;216.205.52.233;80;4048;20;6252001;US;United States;;203;88;1;1;0;0;0
103.160.204.105;103.160.204.105;80;4166;200;0;;;;287;69;1;1;0;0;0
8.220.194.115;8.220.194.115;1080;4185;1300;1835848;KR;Korea;Seoul;167;385;4;0;0;1;0
68.71.245.206;68.71.245.206;4145;4187;1000;6252001;US;United States;;5867;1466;4;0;0;1;0
89.43.31.134;89.43.31.134;3128;4188;480;298795;TR;Turkey;;20391;1478;4;0;1;0;0
172.65.90.0;172.65.90.0;80;4188;1200;0;;;;2838;12;1;1;0;0;0
88.198.212.91;88.198.212.91;3128;4188;260;2921044;DE;Germany;;4656;393;4;0;1;0;0
37.26.86.206;37.26.86.206;4145;4190;3400;783754;AL;Albania;;10921;14181;4;0;0;1;0
47.243.75.202;47.243.75.202;58854;4191;1580;1819729;HK;Hong Kong;Hong Kong;490;251;4;0;0;0;1
172.64.40.169;172.64.40.169;80;4192;180;0;;;;2517;6;1;1;0;0;0
103.160.204.21;103.160.204.21;80;4192;200;0;;;;260;66;1;1;0;0;0
68.71.251.134;68.71.251.134;4145;4193;1000;6252001;US;United States;;5883;1500;4;0;0;1;0
145.239.5.238;145.239.5.238;16172;4193;2460;3017382;FR;France;;67;157;4;0;0;1;0
103.160.204.165;103.160.204.165;80;4194;180;0;;;;341;57;1;1;0;0;0
68.71.243.14;68.71.243.14;4145;4194;980;6252001;US;United States;;5957;1393;4;0;0;1;0
172.64.78.50;172.64.78.50;80;4194;280;0;;;;225;4;1;1;0;0;0
103.160.204.91;103.160.204.91;80;4195;180;0;;;;285;61;1;1;0;0;0
103.160.204.206;103.160.204.206;80;4195;200;0;;;;263;58;1;1;0;0;0
172.65.90.1;172.65.90.1;80;4195;1200;0;;;;1918;15;1;1;0;0;0
67.201.33.10;67.201.33.10;25283;4197;980;5382496;US;United States;Pico Rivera;56017;19146;4;0;0;1;0
14.215.120.211;14.215.120.211;1080;4197;2280;1809858;CN;China;Guangzhou;110;48;4;0;0;1;0
51.158.117.213;51.158.117.213;16379;4198;4060;2988507;FR;France;Paris;414;710;4;0;0;1;1
108.162.198.91;108.162.198.91;80;4198;60;0;;;;202;56;1;1;0;0;0
103.160.204.111;103.160.204.111;80;4198;200;0;;;;305;61;1;1;0;0;0
8.217.151.114;8.217.151.114;1111;4199;3220;1819729;HK;Hong Kong;Hong Kong;8;61;4;0;0;0;1
68.71.247.130;68.71.247.130;4145;4199;980;5950267;;;;31266;12346;4;0;0;1;0
172.64.78.193;172.64.78.193;80;4200;200;0;;;;345;4;1;1;0;0;0
103.160.204.28;103.160.204.28;80;4200;220;0;;;;247;66;1;1;0;0;0
103.160.204.163;103.160.204.163;80;4200;220;0;;;;299;73;1;1;0;0;0
74.119.147.209;74.119.147.209;4145;4202;880;6252001;US;United States;;27171;20141;4;0;0;1;0
103.160.204.136;103.160.204.136;80;4202;200;0;;;;300;71;1;1;0;0;0
51.15.210.190;51.15.210.190;16379;4203;3440;3017382;FR;France;;348;875;4;0;0;1;0
8.210.89.96;8.210.89.96;1080;4204;1320;1819729;HK;Hong Kong;Hong Kong;111;326;4;0;0;1;0
172.65.90.2;172.65.90.2;80;4204;1320;0;;;;2740;6;1;1;0;0;0
103.160.204.51;103.160.204.51;80;4204;220;0;;;;262;58;1;1;0;0;0
172.64.78.34;172.64.78.34;80;4204;220;0;;;;2564;11;1;1;0;0;0
37.18.73.60;37.18.73.60;5566;4205;320;2017370;RU;Russian Federation;;2272;195;4;0;0;1;1
172.64.101.229;172.64.101.229;80;4205;420;0;;;;299;18;1;1;0;0;0
72.37.217.3;72.37.217.3;4145;4206;980;6252001;US;United States;;28665;11484;4;0;0;1;0
103.160.204.243;103.160.204.243;80;4206;200;0;;;;295;64;1;1;0;0;0
103.160.204.98;103.160.204.98;80;4207;220;0;;;;253;62;1;1;0;0;0
66.42.224.229;66.42.224.229;41679;4207;1120;4508722;US;United States;Cincinnati;65535;10094;4;0;0;1;0
141.101.122.32;141.101.122.32;80;4208;100;6255149;;;;9425;104;1;1;0;0;0
185.59.100.55;185.59.100.55;1080;4209;260;2921044;DE;Germany;;1403;1129;4;0;0;1;0
103.160.204.203;103.160.204.203;80;4209;220;0;;;;279;54;1;1;0;0;0
103.160.204.54;103.160.204.54;80;4210;100;0;;;;254;57;1;1;0;0;0
218.61.37.79;218.61.37.79;443;4210;1060;1814991;CN;China;;328;28;4;0;1;0;0
103.160.204.97;103.160.204.97;80;4212;220;0;;;;123;39;1;1;0;0;0
159.203.61.169;159.203.61.169;1080;4212;1560;6167865;CA;Canada;Toronto;9658;10571;4;0;0;0;1
98.170.57.231;98.170.57.231;4145;4212;920;6252001;US;United States;;59310;23772;4;0;0;1;0
172.64.78.71;172.64.78.71;80;4213;120;0;;;;345;0;1;1;0;0;0
103.160.204.252;103.160.204.252;80;4213;180;0;;;;302;63;1;1;0;0;0
98.170.57.249;98.170.57.249;4145;4215;900;6252001;US;United States;;39985;13317;4;0;0;1;0
103.160.204.89;103.160.204.89;80;4215;220;0;;;;240;63;1;1;0;0;0
172.65.90.3;172.65.90.3;80;4219;1200;0;;;;2765;6;1;1;0;0;0
172.64.78.198;172.64.78.198;80;4220;320;0;;;;459;7;1;1;0;0;0
68.71.254.6;68.71.254.6;4145;4220;1000;5950267;;;;31704;11833;4;0;0;1;0
72.207.109.5;72.207.109.5;4145;4221;940;5391811;US;United States;San Diego;1650;318;4;0;0;1;0
103.160.204.220;103.160.204.220;80;4221;200;0;;;;323;66;1;1;0;0;0
139.59.24.173;139.59.24.173;1080;4222;2500;1277333;IN;India;Bengaluru;346;687;4;0;0;1;0
69.61.200.104;69.61.200.104;36181;4223;1080;4508722;US;United States;Cincinnati;65535;10224;4;0;0;1;0
51.158.105.157;51.158.105.157;16379;4223;5100;2988507;FR;France;Paris;197;581;4;0;0;0;1
70.166.167.55;70.166.167.55;57745;4223;940;6252001;US;United States;;61194;19807;4;0;0;1;0
45.89.28.226;45.89.28.226;12915;4225;4300;750268;TR;Turkey;;386;87;4;0;0;0;1
34.41.115.197;34.41.115.197;3128;4226;700;4852832;US;United States;Council Bluffs;458;3;4;0;1;0;0
141.101.122.166;141.101.122.166;80;4226;100;6255149;;;;9771;111;1;1;0;0;0
34.166.117.165;34.166.117.165;1080;4227;3640;110336;SA;Saudi Arabia;Dammam;280;406;4;0;0;1;0
103.160.204.80;103.160.204.80;80;4228;200;0;;;;297;64;1;1;0;0;0
51.15.226.238;51.15.226.238;16379;4228;2420;3017382;FR;France;;327;876;4;0;0;1;1
103.160.204.226;103.160.204.226;80;4228;240;0;;;;248;64;1;1;0;0;0
68.71.241.33;68.71.241.33;4145;4229;980;6252001;US;United States;;5998;1463;4;0;0;1;0
103.160.204.144;103.160.204.144;80;4230;220;0;;;;282;61;1;1;0;0;0
103.160.204.69;103.160.204.69;80;4231;200;0;;;;228;67;1;1;0;0;0
103.160.204.192;103.160.204.192;80;4234;200;0;;;;306;60;1;1;0;0;0
172.64.101.138;172.64.101.138;80;4234;560;0;;;;471;16;1;1;0;0;0
103.160.204.10;103.160.204.10;80;4234;200;0;;;;299;77;1;1;0;0;0
68.71.240.210;68.71.240.210;4145;4235;1000;6252001;US;United States;;4544;1466;4;0;0;1;0
108.162.198.19;108.162.198.19;80;4235;80;0;;;;316;58;1;1;0;0;0
141.101.113.23;141.101.113.23;80;4236;100;6255149;;;;15158;168;1;1;0;0;0
172.64.32.48;172.64.32.48;80;4237;20;0;;;;1457;83;1;1;0;0;0
128.199.202.122;128.199.202.122;1080;4238;2240;1880252;SG;Singapore;Singapore;6171;7714;4;0;0;0;1
141.101.120.71;141.101.120.71;80;4240;100;6255149;;;;9818;111;1;1;0;0;0
103.160.204.172;103.160.204.172;80;4240;100;0;;;;445;58;1;1;0;0;0
201.148.32.162;201.148.32.162;80;4240;700;3824893;;;;6377;1511;4;1;0;0;0
141.101.113.49;141.101.113.49;80;4241;100;6255149;;;;9865;115;1;1;0;0;0
141.101.122.122;141.101.122.122;80;4241;100;6255149;;;;9776;108;1;1;0;0;0
103.160.204.254;103.160.204.254;80;4241;200;0;;;;249;63;1;1;0;0;0
172.64.101.45;172.64.101.45;80;4241;520;0;;;;414;17;1;1;0;0;0
141.101.120.24;141.101.120.24;80;4241;80;6255149;;;;9806;105;1;1;0;0;0
141.101.123.19;141.101.123.19;80;4242;100;6255149;;;;15890;207;1;1;0;0;0
141.101.123.112;141.101.123.112;80;4242;80;6255149;;;;9777;111;1;1;0;0;0
103.160.204.135;103.160.204.135;80;4242;200;0;;;;279;65;1;1;0;0;0
103.160.204.196;103.160.204.196;80;4242;220;0;;;;346;53;1;1;0;0;0
103.160.204.141;103.160.204.141;80;4242;200;0;;;;305;76;1;1;0;0;0
103.160.204.90;103.160.204.90;80;4243;220;0;;;;198;58;1;1;0;0;0
141.101.123.229;141.101.123.229;80;4243;80;6255149;;;;16294;203;1;1;0;0;0
141.101.120.53;141.101.120.53;80;4243;60;6255149;;;;9760;114;1;1;0;0;0
188.114.96.200;188.114.96.200;80;4243;100;0;;;;2749;91;1;1;0;0;0
188.114.99.220;188.114.99.220;80;4243;80;0;;;;2800;86;1;1;0;0;0
188.114.97.141;188.114.97.141;80;4243;80;0;;;;2805;91;1;1;0;0;0
141.101.123.232;141.101.123.232;80;4243;60;6255149;;;;9779;103;1;1;0;0;0
it.shopify.com;185.146.173.20;80;4287;20;2661886;SE;Sweden;;3531;99;1;1;0;0;0
m.shinaguoji.com;188.114.97.1;80;4407;60;0;;;;111;108;1;1;0;0;0
supply.shopify.com;185.146.173.20;80;4647;20;2661886;SE;Sweden;;3536;103;1;1;0;0;0
xactperformance.com;199.34.228.76;80;4767;20;6252001;US;United States;;1663;97;1;1;0;0;0
cellulardata.prod.ubigi.com;141.193.213.10;80;4887;20;6252001;US;United States;;1723;92;1;1;0;0;0
epos-e2e2.vertriebspartner.de.o2.com;141.101.90.99;80;5247;220;0;;;;3185;579;1;1;0;0;0
au.api.cloudflare.com;172.65.90.1;80;5483;1200;0;;;;3067;7;1;1;0;0;0
eu.api.staging.cloudflare.com;141.101.90.98;80;5603;260;6252001;US;United States;;5012;10;1;1;0;0;0
epos-test.vertriebspartner.de.o2.com;141.101.90.97;80;5725;160;0;;;;3192;574;1;1;0;0;0
www.covid19.go.id;188.114.97.1;80;5847;80;0;;;;3206;108;1;1;0;0;0
donald.ns.cloudflare.com;173.245.59.158;80;6086;20;0;;;;3367;93;1;1;0;0;0
news.microsoft.com;141.193.213.20;80;6927;20;6252001;US;United States;;3773;98;1;1;0;0;0
data.shopify.com;185.146.173.20;80;7047;20;2661886;SE;Sweden;;3582;94;1;1;0;0;0
roboguru.ruangguru.com;8.6.112.6;80;7167;20;2761369;AT;Austria;Vienna;594;94;1;1;0;0;0
wsip-98-175-31-195.hr.hr.cox.net;98.175.31.195;4145;7639;900;4776222;US;United States;Norfolk;1798;153;4;0;0;1;0
ev.zoom.us;141.193.213.21;80;8248;20;6252001;US;United States;;3608;138;1;1;0;0;0
deb.ns.cloudflare.com;172.64.32.92;80;8486;20;0;;;;3358;100;1;1;0;0;0
cs-console.1mg.com;172.66.138.225;80;8727;80;0;;;;108;87;1;1;0;0;0
proxy-rcq7.onrender.com;216.24.57.251;80;8728;20;6252001;US;United States;;11352;223;1;1;0;0;0
sekolahonline.ruangguru.com;8.47.69.6;80;9567;40;2761369;AT;Austria;Vienna;614;87;1;1;0;0;0
au.api.staging.cloudflare.com;172.65.90.3;80;9804;1200;0;;;;3074;6;1;1;0;0;0
pppeoldf2.practicetechnologies.cw.zerolag.com;67.201.33.10;25283;9917;1000;5351515;US;United States;Garden Grove;6690;492;4;0;0;1;0
epos-crt.vertriebspartner.de.o2.com;141.101.90.99;80;9924;220;0;;;;3200;530;1;1;0;0;0
blog-atlas-staging.zoominfo.com;141.193.213.30;80;10047;20;6252001;US;United States;;2463;261;1;1;0;0;0
movistar.com;141.101.90.98;80;10167;280;6252001;US;United States;;4922;108;1;1;0;0;0
www.quadrodigital.pt;141.101.90.97;80;10407;240;2759794;NL;Netherlands;Amsterdam;10215;35;1;1;0;0;0
marketing.ruangguru.com;8.6.112.6;80;10407;20;2761369;AT;Austria;Vienna;607;91;1;1;0;0;0
cruz.ns.cloudflare.com;173.245.58.88;80;10527;20;0;;;;3113;106;1;1;0;0;0
ai.ruangguru.com;8.6.112.6;80;10646;20;3060972;SK;Slovakia;Bratislava;380;87;1;1;0;0;0